#
# There is insufficient memory for the Java Runtime Environment to continue.
# Native memory allocation (malloc) failed to allocate 788576 bytes. Error detail: Chunk::new
# Possible reasons:
#   The system is out of physical RAM or swap space
#   This process is running with CompressedOops enabled, and the Java Heap may be blocking the growth of the native heap
# Possible solutions:
#   Reduce memory load on the system
#   Increase physical memory or swap space
#   Check if swap backing store is full
#   Decrease Java heap size (-Xmx/-Xms)
#   Decrease number of Java threads
#   Decrease Java thread stack sizes (-Xss)
#   Set larger code cache with -XX:ReservedCodeCacheSize=
#   JVM is running with Unscaled Compressed Oops mode in which the Java heap is
#     placed in the first 4GB address space. The Java Heap base address is the
#     maximum limit for the native heap growth. Please use -XX:HeapBaseMinAddress
#     to set the Java Heap base and to place the Java Heap above 4GB virtual address.
# This output file may be truncated or incomplete.
#
#  Out of Memory Error (arena.cpp:168), pid=11012, tid=16260
#
# JRE version: OpenJDK Runtime Environment (21.0.7) (build 21.0.7+-13880790-b1038.58)
# Java VM: OpenJDK 64-Bit Server VM (21.0.7+-13880790-b1038.58, mixed mode, tiered, compressed oops, compressed class ptrs, g1 gc, windows-amd64)
# No core dump will be written. Minidumps are not enabled by default on client versions of Windows
#

---------------  S U M M A R Y ------------

Command Line: --add-opens=java.base/java.lang=ALL-UNNAMED --add-opens=java.base/java.lang.invoke=ALL-UNNAMED --add-opens=java.base/java.util=ALL-UNNAMED --add-opens=java.prefs/java.util.prefs=ALL-UNNAMED --add-exports=jdk.compiler/com.sun.tools.javac.api=ALL-UNNAMED --add-exports=jdk.compiler/com.sun.tools.javac.util=ALL-UNNAMED --add-opens=java.base/java.util=ALL-UNNAMED --add-opens=java.prefs/java.util.prefs=ALL-UNNAMED --add-opens=java.base/java.nio.charset=ALL-UNNAMED --add-opens=java.base/java.net=ALL-UNNAMED --add-opens=java.base/java.util.concurrent.atomic=ALL-UNNAMED --add-opens=java.xml/javax.xml.namespace=ALL-UNNAMED -Xmx2048m -Dfile.encoding=UTF-8 -Duser.country=RU -Duser.language=ru -Duser.variant -javaagent:C:\Users\bafc13\.gradle\wrapper\dists\gradle-8.13-bin\5xuhj0ry160q40clulazy9h7d\gradle-8.13\lib\agents\gradle-instrumentation-agent-8.13.jar org.gradle.launcher.daemon.bootstrap.GradleDaemon 8.13

Host: AMD Ryzen 3 5300U with Radeon Graphics         , 8 cores, 15G,  Windows 11 , 64 bit Build 22621 (10.0.22621.5415)
Time: Sun Dec  7 22:49:11 2025 RTZ 2 (s 11 , 64 bit Build 22621 (10.0.22621.5415) elapsed time: 20.739952 seconds (0d 0h 0m 20s)

---------------  T H R E A D  ---------------

Current thread (0x000002a4f06e4fa0):  JavaThread "C2 CompilerThread0" daemon [_thread_in_native, id=16260, stack(0x000000c11b200000,0x000000c11b300000) (1024K)]


Current CompileTask:
C2:20740 15023       4       com.sun.org.apache.xerces.internal.impl.XMLNSDocumentScannerImpl::scanStartElement (1031 bytes)

Stack: [0x000000c11b200000,0x000000c11b300000]
Native frames: (J=compiled Java code, j=interpreted, Vv=VM code, C=native code)
V  [jvm.dll+0x6d25c9]
V  [jvm.dll+0x860923]
V  [jvm.dll+0x862e7e]
V  [jvm.dll+0x863563]
V  [jvm.dll+0x27f156]
V  [jvm.dll+0xc002d]
V  [jvm.dll+0xc0563]
V  [jvm.dll+0x2f31f0]
V  [jvm.dll+0x5fc309]
V  [jvm.dll+0x250f82]
V  [jvm.dll+0x25133f]
V  [jvm.dll+0x249ae5]
V  [jvm.dll+0x24733e]
V  [jvm.dll+0x1c5fb4]
V  [jvm.dll+0x256bac]
V  [jvm.dll+0x2550f6]
V  [jvm.dll+0x3f1d16]
V  [jvm.dll+0x808d08]
V  [jvm.dll+0x6d0e1d]
C  [ucrtbase.dll+0x29333]
C  [KERNEL32.DLL+0x1259d]
C  [ntdll.dll+0x5af78]


---------------  P R O C E S S  ---------------

Threads class SMR info:
_java_thread_list=0x000002a4f8f2b4a0, length=108, elements={
0x000002a4d8d8db60, 0x000002a4f06a8130, 0x000002a4f06bd7f0, 0x000002a4f06be710,
0x000002a4f06c3bf0, 0x000002a4f06c4650, 0x000002a4f06c2840, 0x000002a4f06dc200,
0x000002a4f06e4fa0, 0x000002a4f06cee80, 0x000002a4f09cbdd0, 0x000002a4f6b39760,
0x000002a4f6b37000, 0x000002a4f6b390d0, 0x000002a4f6b3a480, 0x000002a4f6b37690,
0x000002a4f6b383b0, 0x000002a4f6b37d20, 0x000002a4f6b38a40, 0x000002a4f6e62a00,
0x000002a4f6e62370, 0x000002a4f6e5e860, 0x000002a4f6e5eef0, 0x000002a4f6e602a0,
0x000002a4f6e5c100, 0x000002a4f6e60fc0, 0x000002a4f6e61650, 0x000002a4f6e5d4b0,
0x000002a4f6e63720, 0x000002a4f6e5c790, 0x000002a4f6e5db40, 0x000002a4f6e5e1d0,
0x000002a4f6e5fc10, 0x000002a4f6e61ce0, 0x000002a4f6e60930, 0x000002a4f7858f30,
0x000002a4f7856e60, 0x000002a4f78539e0, 0x000002a4f7854070, 0x000002a4f7854700,
0x000002a4f7859c50, 0x000002a4f7852cc0, 0x000002a4f78574f0, 0x000002a4f785a2e0,
0x000002a4f7858210, 0x000002a4f7853350, 0x000002a4f7854d90, 0x000002a4f78588a0,
0x000002a4f7857b80, 0x000002a4f78595c0, 0x000002a4f7855420, 0x000002a4f7855ab0,
0x000002a4f6402f20, 0x000002a4f64014e0, 0x000002a4f63ffaa0, 0x000002a4f63fe6f0,
0x000002a4f63fed80, 0x000002a4f64007c0, 0x000002a4f6401b70, 0x000002a4f64035b0,
0x000002a4f6400130, 0x000002a4f6402200, 0x000002a4f6402890, 0x000002a4f6403c40,
0x000002a4f64042d0, 0x000002a4f6404960, 0x000002a4f63ff410, 0x000002a4f6404ff0,
0x000002a4f63fe060, 0x000002a4f6405680, 0x000002a4fac9ae80, 0x000002a4fac97a00,
0x000002a4fac99440, 0x000002a4fac9a160, 0x000002a4fac9a7f0, 0x000002a4fac9b510,
0x000002a4fb4205e0, 0x000002a4faf05ce0, 0x000002a4faf00e20, 0x000002a4faf014b0,
0x000002a4faf04fc0, 0x000002a4faf06370, 0x000002a4faf00100, 0x000002a4faf04930,
0x000002a4faf021d0, 0x000002a4faf03c10, 0x000002a4faf02ef0, 0x000002a4faf03580,
0x000002a4faf042a0, 0x000002a4faf05650, 0x000002a4faeff3e0, 0x000002a4fade6110,
0x000002a4faddf810, 0x000002a4faddf180, 0x000002a4fade53f0, 0x000002a4fade1250,
0x000002a4fade0530, 0x000002a4fade2c90, 0x000002a4fade39b0, 0x000002a4fade46d0,
0x000002a4f8bc25a0, 0x000002a4f8bc4d00, 0x000002a4f8bc0b60, 0x000002a4f8bc60b0,
0x000002a4f8bc5390, 0x000002a4f8bc3950, 0x000002a4f8bc5a20, 0x000002a4f8ff44c0
}

Java Threads: ( => current thread )
  0x000002a4d8d8db60 JavaThread "main"                              [_thread_blocked, id=15852, stack(0x000000c11a300000,0x000000c11a400000) (1024K)]
  0x000002a4f06a8130 JavaThread "Common-Cleaner"             daemon [_thread_blocked, id=2628, stack(0x000000c11ab00000,0x000000c11ac00000) (1024K)]
  0x000002a4f06bd7f0 JavaThread "Reference Handler"          daemon [_thread_blocked, id=19180, stack(0x000000c11ac00000,0x000000c11ad00000) (1024K)]
  0x000002a4f06be710 JavaThread "Finalizer"                  daemon [_thread_blocked, id=19104, stack(0x000000c11ad00000,0x000000c11ae00000) (1024K)]
  0x000002a4f06c3bf0 JavaThread "Signal Dispatcher"          daemon [_thread_blocked, id=5448, stack(0x000000c11ae00000,0x000000c11af00000) (1024K)]
  0x000002a4f06c4650 JavaThread "Attach Listener"            daemon [_thread_blocked, id=16648, stack(0x000000c11af00000,0x000000c11b000000) (1024K)]
  0x000002a4f06c2840 JavaThread "Service Thread"             daemon [_thread_blocked, id=7536, stack(0x000000c11b000000,0x000000c11b100000) (1024K)]
  0x000002a4f06dc200 JavaThread "Monitor Deflation Thread"   daemon [_thread_blocked, id=19256, stack(0x000000c11b100000,0x000000c11b200000) (1024K)]
=>0x000002a4f06e4fa0 JavaThread "C2 CompilerThread0"         daemon [_thread_in_native, id=16260, stack(0x000000c11b200000,0x000000c11b300000) (1024K)]
  0x000002a4f06cee80 JavaThread "C1 CompilerThread0"         daemon [_thread_blocked, id=19212, stack(0x000000c11b300000,0x000000c11b400000) (1024K)]
  0x000002a4f09cbdd0 JavaThread "Notification Thread"        daemon [_thread_blocked, id=3584, stack(0x000000c11b400000,0x000000c11b500000) (1024K)]
  0x000002a4f6b39760 JavaThread "Daemon health stats"               [_thread_blocked, id=6680, stack(0x000000c11bb00000,0x000000c11bc00000) (1024K)]
  0x000002a4f6b37000 JavaThread "Incoming local TCP Connector on port 63920"        [_thread_in_native, id=19352, stack(0x000000c11bf00000,0x000000c11c000000) (1024K)]
  0x000002a4f6b390d0 JavaThread "Daemon periodic checks"            [_thread_blocked, id=19284, stack(0x000000c11c000000,0x000000c11c100000) (1024K)]
  0x000002a4f6b3a480 JavaThread "Daemon"                            [_thread_blocked, id=17276, stack(0x000000c11c100000,0x000000c11c200000) (1024K)]
  0x000002a4f6b37690 JavaThread "Handler for socket connection from /127.0.0.1:63920 to /127.0.0.1:63921"        [_thread_in_native, id=8592, stack(0x000000c11c200000,0x000000c11c300000) (1024K)]
  0x000002a4f6b383b0 JavaThread "Cancel handler"                    [_thread_blocked, id=11144, stack(0x000000c11c300000,0x000000c11c400000) (1024K)]
  0x000002a4f6b37d20 JavaThread "Daemon worker"                     [_thread_blocked, id=16048, stack(0x000000c11c400000,0x000000c11c500000) (1024K)]
  0x000002a4f6b38a40 JavaThread "Asynchronous log dispatcher for DefaultDaemonConnection: socket connection from /127.0.0.1:63920 to /127.0.0.1:63921"        [_thread_blocked, id=13744, stack(0x000000c11c500000,0x000000c11c600000) (1024K)]
  0x000002a4f6e62a00 JavaThread "Stdin handler"                     [_thread_blocked, id=12244, stack(0x000000c11c600000,0x000000c11c700000) (1024K)]
  0x000002a4f6e62370 JavaThread "Daemon client event forwarder"        [_thread_blocked, id=19344, stack(0x000000c11c700000,0x000000c11c800000) (1024K)]
  0x000002a4f6e5e860 JavaThread "Cache worker for journal cache (C:\Users\bafc13\.gradle\caches\journal-1)"        [_thread_blocked, id=17400, stack(0x000000c11c900000,0x000000c11ca00000) (1024K)]
  0x000002a4f6e5eef0 JavaThread "File lock request listener"        [_thread_in_native, id=18644, stack(0x000000c11ca00000,0x000000c11cb00000) (1024K)]
  0x000002a4f6e602a0 JavaThread "Cache worker for file hash cache (C:\Users\bafc13\.gradle\caches\8.13\fileHashes)"        [_thread_blocked, id=18632, stack(0x000000c11cb00000,0x000000c11cc00000) (1024K)]
  0x000002a4f6e5c100 JavaThread "Cache worker for file hash cache (C:\Users\bafc13\AndroidStudioProjects\Lab1_bafc13\.gradle\8.13\fileHashes)"        [_thread_blocked, id=11192, stack(0x000000c11cc00000,0x000000c11cd00000) (1024K)]
  0x000002a4f6e60fc0 JavaThread "Cache worker for Build Output Cleanup Cache (C:\Users\bafc13\AndroidStudioProjects\Lab1_bafc13\.gradle\buildOutputCleanup)"        [_thread_blocked, id=10200, stack(0x000000c11cd00000,0x000000c11ce00000) (1024K)]
  0x000002a4f6e61650 JavaThread "File watcher server"        daemon [_thread_in_native, id=13552, stack(0x000000c11ce00000,0x000000c11cf00000) (1024K)]
  0x000002a4f6e5d4b0 JavaThread "File watcher consumer"      daemon [_thread_blocked, id=18488, stack(0x000000c11cf00000,0x000000c11d000000) (1024K)]
  0x000002a4f6e63720 JavaThread "jar transforms"                    [_thread_blocked, id=14420, stack(0x000000c11d000000,0x000000c11d100000) (1024K)]
  0x000002a4f6e5c790 JavaThread "jar transforms Thread 2"           [_thread_blocked, id=6208, stack(0x000000c11d100000,0x000000c11d200000) (1024K)]
  0x000002a4f6e5db40 JavaThread "Cache worker for checksums cache (C:\Users\bafc13\AndroidStudioProjects\Lab1_bafc13\.gradle\8.13\checksums)"        [_thread_blocked, id=19360, stack(0x000000c11d200000,0x000000c11d300000) (1024K)]
  0x000002a4f6e5e1d0 JavaThread "Cache worker for file content cache (C:\Users\bafc13\.gradle\caches\8.13\fileContent)"        [_thread_blocked, id=18904, stack(0x000000c11d300000,0x000000c11d400000) (1024K)]
  0x000002a4f6e5fc10 JavaThread "jar transforms Thread 3"           [_thread_blocked, id=19120, stack(0x000000c11d400000,0x000000c11d500000) (1024K)]
  0x000002a4f6e61ce0 JavaThread "Cache worker for cache directory md-supplier (C:\Users\bafc13\.gradle\caches\8.13\md-supplier)"        [_thread_blocked, id=11256, stack(0x000000c11d500000,0x000000c11d600000) (1024K)]
  0x000002a4f6e60930 JavaThread "Cache worker for cache directory md-rule (C:\Users\bafc13\.gradle\caches\8.13\md-rule)"        [_thread_blocked, id=14496, stack(0x000000c11d600000,0x000000c11d700000) (1024K)]
  0x000002a4f7858f30 JavaThread "Unconstrained build operations"        [_thread_blocked, id=14312, stack(0x000000c11d700000,0x000000c11d800000) (1024K)]
  0x000002a4f7856e60 JavaThread "Unconstrained build operations Thread 2"        [_thread_blocked, id=18324, stack(0x000000c11d800000,0x000000c11d900000) (1024K)]
  0x000002a4f78539e0 JavaThread "Unconstrained build operations Thread 3"        [_thread_blocked, id=15836, stack(0x000000c11d900000,0x000000c11da00000) (1024K)]
  0x000002a4f7854070 JavaThread "Unconstrained build operations Thread 4"        [_thread_blocked, id=19432, stack(0x000000c11da00000,0x000000c11db00000) (1024K)]
  0x000002a4f7854700 JavaThread "Unconstrained build operations Thread 5"        [_thread_blocked, id=12016, stack(0x000000c11db00000,0x000000c11dc00000) (1024K)]
  0x000002a4f7859c50 JavaThread "Unconstrained build operations Thread 6"        [_thread_blocked, id=10212, stack(0x000000c11dc00000,0x000000c11dd00000) (1024K)]
  0x000002a4f7852cc0 JavaThread "Unconstrained build operations Thread 7"        [_thread_blocked, id=6968, stack(0x000000c11dd00000,0x000000c11de00000) (1024K)]
  0x000002a4f78574f0 JavaThread "Unconstrained build operations Thread 8"        [_thread_blocked, id=4820, stack(0x000000c11de00000,0x000000c11df00000) (1024K)]
  0x000002a4f785a2e0 JavaThread "jar transforms Thread 4"           [_thread_blocked, id=7020, stack(0x000000c11df00000,0x000000c11e000000) (1024K)]
  0x000002a4f7858210 JavaThread "jar transforms Thread 5"           [_thread_blocked, id=14200, stack(0x000000c11e000000,0x000000c11e100000) (1024K)]
  0x000002a4f7853350 JavaThread "Unconstrained build operations Thread 9"        [_thread_blocked, id=296, stack(0x000000c11e100000,0x000000c11e200000) (1024K)]
  0x000002a4f7854d90 JavaThread "Unconstrained build operations Thread 10"        [_thread_blocked, id=13592, stack(0x000000c11e200000,0x000000c11e300000) (1024K)]
  0x000002a4f78588a0 JavaThread "Unconstrained build operations Thread 11"        [_thread_blocked, id=17412, stack(0x000000c11e300000,0x000000c11e400000) (1024K)]
  0x000002a4f7857b80 JavaThread "Unconstrained build operations Thread 12"        [_thread_blocked, id=5136, stack(0x000000c11e400000,0x000000c11e500000) (1024K)]
  0x000002a4f78595c0 JavaThread "jar transforms Thread 6"           [_thread_blocked, id=13512, stack(0x000000c11e500000,0x000000c11e600000) (1024K)]
  0x000002a4f7855420 JavaThread "jar transforms Thread 7"           [_thread_blocked, id=16716, stack(0x000000c11e600000,0x000000c11e700000) (1024K)]
  0x000002a4f7855ab0 JavaThread "jar transforms Thread 8"           [_thread_blocked, id=16956, stack(0x000000c11e700000,0x000000c11e800000) (1024K)]
  0x000002a4f6402f20 JavaThread "Unconstrained build operations Thread 13"        [_thread_blocked, id=13328, stack(0x000000c11e800000,0x000000c11e900000) (1024K)]
  0x000002a4f64014e0 JavaThread "Unconstrained build operations Thread 14"        [_thread_blocked, id=3712, stack(0x000000c11e900000,0x000000c11ea00000) (1024K)]
  0x000002a4f63ffaa0 JavaThread "Unconstrained build operations Thread 15"        [_thread_blocked, id=8900, stack(0x000000c11ea00000,0x000000c11eb00000) (1024K)]
  0x000002a4f63fe6f0 JavaThread "Unconstrained build operations Thread 16"        [_thread_blocked, id=19204, stack(0x000000c11eb00000,0x000000c11ec00000) (1024K)]
  0x000002a4f63fed80 JavaThread "Unconstrained build operations Thread 17"        [_thread_blocked, id=19200, stack(0x000000c11ec00000,0x000000c11ed00000) (1024K)]
  0x000002a4f64007c0 JavaThread "Unconstrained build operations Thread 18"        [_thread_blocked, id=9456, stack(0x000000c11ed00000,0x000000c11ee00000) (1024K)]
  0x000002a4f6401b70 JavaThread "Unconstrained build operations Thread 19"        [_thread_blocked, id=19172, stack(0x000000c11ee00000,0x000000c11ef00000) (1024K)]
  0x000002a4f64035b0 JavaThread "Unconstrained build operations Thread 20"        [_thread_blocked, id=12724, stack(0x000000c11ef00000,0x000000c11f000000) (1024K)]
  0x000002a4f6400130 JavaThread "Unconstrained build operations Thread 21"        [_thread_blocked, id=19208, stack(0x000000c11f000000,0x000000c11f100000) (1024K)]
  0x000002a4f6402200 JavaThread "Unconstrained build operations Thread 22"        [_thread_blocked, id=18732, stack(0x000000c11f100000,0x000000c11f200000) (1024K)]
  0x000002a4f6402890 JavaThread "Unconstrained build operations Thread 23"        [_thread_blocked, id=17660, stack(0x000000c11f200000,0x000000c11f300000) (1024K)]
  0x000002a4f6403c40 JavaThread "Unconstrained build operations Thread 24"        [_thread_blocked, id=2036, stack(0x000000c11f300000,0x000000c11f400000) (1024K)]
  0x000002a4f64042d0 JavaThread "Unconstrained build operations Thread 25"        [_thread_blocked, id=19188, stack(0x000000c11f400000,0x000000c11f500000) (1024K)]
  0x000002a4f6404960 JavaThread "Unconstrained build operations Thread 26"        [_thread_blocked, id=19152, stack(0x000000c11f500000,0x000000c11f600000) (1024K)]
  0x000002a4f63ff410 JavaThread "Unconstrained build operations Thread 27"        [_thread_blocked, id=19184, stack(0x000000c11f600000,0x000000c11f700000) (1024K)]
  0x000002a4f6404ff0 JavaThread "Unconstrained build operations Thread 28"        [_thread_blocked, id=19196, stack(0x000000c11f700000,0x000000c11f800000) (1024K)]
  0x000002a4f63fe060 JavaThread "Unconstrained build operations Thread 29"        [_thread_blocked, id=19164, stack(0x000000c11f800000,0x000000c11f900000) (1024K)]
  0x000002a4f6405680 JavaThread "Unconstrained build operations Thread 30"        [_thread_blocked, id=19148, stack(0x000000c11f900000,0x000000c11fa00000) (1024K)]
  0x000002a4fac9ae80 JavaThread "Unconstrained build operations Thread 31"        [_thread_blocked, id=6132, stack(0x000000c11fa00000,0x000000c11fb00000) (1024K)]
  0x000002a4fac97a00 JavaThread "Unconstrained build operations Thread 32"        [_thread_blocked, id=16992, stack(0x000000c11fb00000,0x000000c11fc00000) (1024K)]
  0x000002a4fac99440 JavaThread "Unconstrained build operations Thread 33"        [_thread_blocked, id=19216, stack(0x000000c11fc00000,0x000000c11fd00000) (1024K)]
  0x000002a4fac9a160 JavaThread "build event listener"              [_thread_blocked, id=15864, stack(0x000000c11b600000,0x000000c11b700000) (1024K)]
  0x000002a4fac9a7f0 JavaThread "Memory manager"                    [_thread_blocked, id=16496, stack(0x000000c11fd00000,0x000000c11fe00000) (1024K)]
  0x000002a4fac9b510 JavaThread "build event listener"              [_thread_blocked, id=1388, stack(0x000000c11ff00000,0x000000c120000000) (1024K)]
  0x000002a4fb4205e0 JavaThread "C2 CompilerThread1"         daemon [_thread_in_native, id=17156, stack(0x000000c11b500000,0x000000c11b600000) (1024K)]
  0x000002a4faf05ce0 JavaThread "included builds"                   [_thread_blocked, id=8536, stack(0x000000c120000000,0x000000c120100000) (1024K)]
  0x000002a4faf00e20 JavaThread "Execution worker"                  [_thread_blocked, id=17812, stack(0x000000c120100000,0x000000c120200000) (1024K)]
  0x000002a4faf014b0 JavaThread "Execution worker Thread 2"         [_thread_in_native, id=2232, stack(0x000000c120200000,0x000000c120300000) (1024K)]
  0x000002a4faf04fc0 JavaThread "Execution worker Thread 3"         [_thread_blocked, id=18752, stack(0x000000c120300000,0x000000c120400000) (1024K)]
  0x000002a4faf06370 JavaThread "Execution worker Thread 4"         [_thread_blocked, id=18748, stack(0x000000c120400000,0x000000c120500000) (1024K)]
  0x000002a4faf00100 JavaThread "Execution worker Thread 5"         [_thread_blocked, id=13752, stack(0x000000c120500000,0x000000c120600000) (1024K)]
  0x000002a4faf04930 JavaThread "Execution worker Thread 6"         [_thread_blocked, id=10968, stack(0x000000c120600000,0x000000c120700000) (1024K)]
  0x000002a4faf021d0 JavaThread "Execution worker Thread 7"         [_thread_blocked, id=1376, stack(0x000000c120700000,0x000000c120800000) (1024K)]
  0x000002a4faf03c10 JavaThread "Cache worker for execution history cache (C:\Users\bafc13\AndroidStudioProjects\Lab1_bafc13\.gradle\8.13\executionHistory)"        [_thread_blocked, id=18744, stack(0x000000c120800000,0x000000c120900000) (1024K)]
  0x000002a4faf02ef0 JavaThread "Unconstrained build operations Thread 34"        [_thread_blocked, id=16132, stack(0x000000c120900000,0x000000c120a00000) (1024K)]
  0x000002a4faf03580 JavaThread "Unconstrained build operations Thread 35"        [_thread_blocked, id=18804, stack(0x000000c120a00000,0x000000c120b00000) (1024K)]
  0x000002a4faf042a0 JavaThread "Unconstrained build operations Thread 36"        [_thread_blocked, id=18436, stack(0x000000c120b00000,0x000000c120c00000) (1024K)]
  0x000002a4faf05650 JavaThread "Unconstrained build operations Thread 37"        [_thread_blocked, id=1556, stack(0x000000c120c00000,0x000000c120d00000) (1024K)]
  0x000002a4faeff3e0 JavaThread "Unconstrained build operations Thread 38"        [_thread_blocked, id=3592, stack(0x000000c120d00000,0x000000c120e00000) (1024K)]
  0x000002a4fade6110 JavaThread "Unconstrained build operations Thread 39"        [_thread_blocked, id=1940, stack(0x000000c120e00000,0x000000c120f00000) (1024K)]
  0x000002a4faddf810 JavaThread "Unconstrained build operations Thread 40"        [_thread_blocked, id=18708, stack(0x000000c120f00000,0x000000c121000000) (1024K)]
  0x000002a4faddf180 JavaThread "Unconstrained build operations Thread 41"        [_thread_blocked, id=15764, stack(0x000000c121000000,0x000000c121100000) (1024K)]
  0x000002a4fade53f0 JavaThread "Unconstrained build operations Thread 42"        [_thread_blocked, id=1312, stack(0x000000c121100000,0x000000c121200000) (1024K)]
  0x000002a4fade1250 JavaThread "Unconstrained build operations Thread 43"        [_thread_blocked, id=16544, stack(0x000000c121200000,0x000000c121300000) (1024K)]
  0x000002a4fade0530 JavaThread "Unconstrained build operations Thread 44"        [_thread_blocked, id=14444, stack(0x000000c121300000,0x000000c121400000) (1024K)]
  0x000002a4fade2c90 JavaThread "Unconstrained build operations Thread 45"        [_thread_blocked, id=17988, stack(0x000000c121400000,0x000000c121500000) (1024K)]
  0x000002a4fade39b0 JavaThread "Unconstrained build operations Thread 46"        [_thread_blocked, id=11484, stack(0x000000c121500000,0x000000c121600000) (1024K)]
  0x000002a4fade46d0 JavaThread "Unconstrained build operations Thread 47"        [_thread_blocked, id=18256, stack(0x000000c121600000,0x000000c121700000) (1024K)]
  0x000002a4f8bc25a0 JavaThread "Unconstrained build operations Thread 48"        [_thread_blocked, id=15448, stack(0x000000c121700000,0x000000c121800000) (1024K)]
  0x000002a4f8bc4d00 JavaThread "Unconstrained build operations Thread 49"        [_thread_blocked, id=18064, stack(0x000000c121800000,0x000000c121900000) (1024K)]
  0x000002a4f8bc0b60 JavaThread "Unconstrained build operations Thread 50"        [_thread_blocked, id=13448, stack(0x000000c121900000,0x000000c121a00000) (1024K)]
  0x000002a4f8bc60b0 JavaThread "Unconstrained build operations Thread 51"        [_thread_blocked, id=17136, stack(0x000000c121a00000,0x000000c121b00000) (1024K)]
  0x000002a4f8bc5390 JavaThread "Unconstrained build operations Thread 52"        [_thread_blocked, id=18840, stack(0x000000c121b00000,0x000000c121c00000) (1024K)]
  0x000002a4f8bc3950 JavaThread "Unconstrained build operations Thread 53"        [_thread_blocked, id=16376, stack(0x000000c121c00000,0x000000c121d00000) (1024K)]
  0x000002a4f8bc5a20 JavaThread "Unconstrained build operations Thread 54"        [_thread_blocked, id=744, stack(0x000000c121d00000,0x000000c121e00000) (1024K)]
  0x000002a4f8ff44c0 JavaThread "C2 CompilerThread2"         daemon [_thread_in_native, id=18932, stack(0x000000c11fe00000,0x000000c11ff00000) (1024K)]
Total: 108

Other Threads:
  0x000002a4f060c430 VMThread "VM Thread"                           [id=18292, stack(0x000000c11aa00000,0x000000c11ab00000) (1024K)]
  0x000002a4f04a8020 WatcherThread "VM Periodic Task Thread"        [id=15920, stack(0x000000c11a900000,0x000000c11aa00000) (1024K)]
  0x000002a4d8de52d0 WorkerThread "GC Thread#0"                     [id=13608, stack(0x000000c11a400000,0x000000c11a500000) (1024K)]
  0x000002a4f5239560 WorkerThread "GC Thread#1"                     [id=19320, stack(0x000000c11b700000,0x000000c11b800000) (1024K)]
  0x000002a4f56e1be0 WorkerThread "GC Thread#2"                     [id=19316, stack(0x000000c11b800000,0x000000c11b900000) (1024K)]
  0x000002a4f56e1f80 WorkerThread "GC Thread#3"                     [id=19260, stack(0x000000c11b900000,0x000000c11ba00000) (1024K)]
  0x000002a4f54aaad0 WorkerThread "GC Thread#4"                     [id=19144, stack(0x000000c11ba00000,0x000000c11bb00000) (1024K)]
  0x000002a4f6e8e5d0 WorkerThread "GC Thread#5"                     [id=17308, stack(0x000000c11bc00000,0x000000c11bd00000) (1024K)]
  0x000002a4f6e93990 WorkerThread "GC Thread#6"                     [id=19328, stack(0x000000c11bd00000,0x000000c11be00000) (1024K)]
  0x000002a4f6e93d30 WorkerThread "GC Thread#7"                     [id=19332, stack(0x000000c11be00000,0x000000c11bf00000) (1024K)]
  0x000002a4d8df6420 ConcurrentGCThread "G1 Main Marker"            [id=19108, stack(0x000000c11a500000,0x000000c11a600000) (1024K)]
  0x000002a4d8df6f20 WorkerThread "G1 Conc#0"                       [id=19080, stack(0x000000c11a600000,0x000000c11a700000) (1024K)]
  0x000002a4f6ca7170 WorkerThread "G1 Conc#1"                       [id=612, stack(0x000000c11c800000,0x000000c11c900000) (1024K)]
  0x000002a4f03766d0 ConcurrentGCThread "G1 Refine#0"               [id=17188, stack(0x000000c11a700000,0x000000c11a800000) (1024K)]
  0x000002a4f0377050 ConcurrentGCThread "G1 Service"                [id=2472, stack(0x000000c11a800000,0x000000c11a900000) (1024K)]
Total: 15

Threads with active compile tasks:
C2 CompilerThread0  20768 15023       4       com.sun.org.apache.xerces.internal.impl.XMLNSDocumentScannerImpl::scanStartElement (1031 bytes)
C2 CompilerThread1  20768 15048   !   4       com.android.utils.PositionXmlParser$DomBuilder::startElement (272 bytes)
C2 CompilerThread2  20768 15027   !   4       com.sun.org.apache.xerces.internal.parsers.AbstractSAXParser::startElement (318 bytes)
Total: 3

VM state: not at safepoint (normal execution)

VM Mutex/Monitor currently owned by a thread: None

Heap address: 0x0000000080000000, size: 2048 MB, Compressed Oops mode: 32-bit

CDS archive(s) not mapped
Compressed class space mapped at: 0x0000000100000000-0x0000000140000000, reserved size: 1073741824
Narrow klass base: 0x0000000000000000, Narrow klass shift: 3, Narrow klass range: 0x140000000

GC Precious Log:
 CardTable entry size: 512
 Card Set container configuration: InlinePtr #cards 5 size 8 Array Of Cards #cards 12 size 40 Howl #buckets 4 coarsen threshold 1843 Howl Bitmap #cards 512 size 80 coarsen threshold 460 Card regions per heap region 1 cards per card region 2048
 CPUs: 8 total, 8 available
 Memory: 15694M
 Large Page Support: Disabled
 NUMA Support: Disabled
 Compressed Oops: Enabled (32-bit)
 Heap Region Size: 1M
 Heap Min Capacity: 8M
 Heap Initial Capacity: 246M
 Heap Max Capacity: 2G
 Pre-touch: Disabled
 Parallel Workers: 8
 Concurrent Workers: 2
 Concurrent Refinement Workers: 8
 Periodic GC: Disabled

Heap:
 garbage-first heap   total 220160K, used 178968K [0x0000000080000000, 0x0000000100000000)
  region size 1024K, 13 young (13312K), 2 survivors (2048K)
 Metaspace       used 121226K, committed 123520K, reserved 1179648K
  class space    used 16726K, committed 17856K, reserved 1048576K

Heap Regions: E=young(eden), S=young(survivor), O=old, HS=humongous(starts), HC=humongous(continues), CS=collection set, F=free, TAMS=top-at-mark-start, PB=parsable bottom
|   0|0x0000000080000000, 0x0000000080100000, 0x0000000080100000|100%|HS|  |TAMS 0x0000000080100000| PB 0x0000000080000000| Complete 
|   1|0x0000000080100000, 0x0000000080200000, 0x0000000080200000|100%|HC|  |TAMS 0x0000000080200000| PB 0x0000000080100000| Complete 
|   2|0x0000000080200000, 0x0000000080300000, 0x0000000080300000|100%|HC|  |TAMS 0x0000000080300000| PB 0x0000000080200000| Complete 
|   3|0x0000000080300000, 0x0000000080400000, 0x0000000080400000|100%| O|  |TAMS 0x0000000080400000| PB 0x0000000080300000| Untracked 
|   4|0x0000000080400000, 0x0000000080500000, 0x0000000080500000|100%| O|  |TAMS 0x0000000080500000| PB 0x0000000080400000| Untracked 
|   5|0x0000000080500000, 0x0000000080600000, 0x0000000080600000|100%| O|  |TAMS 0x0000000080600000| PB 0x0000000080500000| Untracked 
|   6|0x0000000080600000, 0x0000000080700000, 0x0000000080700000|100%|HS|  |TAMS 0x0000000080700000| PB 0x0000000080600000| Complete 
|   7|0x0000000080700000, 0x0000000080800000, 0x0000000080800000|100%| O|  |TAMS 0x0000000080800000| PB 0x0000000080700000| Untracked 
|   8|0x0000000080800000, 0x0000000080900000, 0x0000000080900000|100%| O|  |TAMS 0x0000000080900000| PB 0x0000000080800000| Untracked 
|   9|0x0000000080900000, 0x0000000080a00000, 0x0000000080a00000|100%| O|  |TAMS 0x0000000080a00000| PB 0x0000000080900000| Untracked 
|  10|0x0000000080a00000, 0x0000000080b00000, 0x0000000080b00000|100%| O|  |TAMS 0x0000000080b00000| PB 0x0000000080a00000| Untracked 
|  11|0x0000000080b00000, 0x0000000080c00000, 0x0000000080c00000|100%| O|  |TAMS 0x0000000080c00000| PB 0x0000000080b00000| Untracked 
|  12|0x0000000080c00000, 0x0000000080d00000, 0x0000000080d00000|100%| O|  |TAMS 0x0000000080d00000| PB 0x0000000080c00000| Untracked 
|  13|0x0000000080d00000, 0x0000000080e00000, 0x0000000080e00000|100%| O|  |TAMS 0x0000000080e00000| PB 0x0000000080d00000| Untracked 
|  14|0x0000000080e00000, 0x0000000080f00000, 0x0000000080f00000|100%| O|  |TAMS 0x0000000080f00000| PB 0x0000000080e00000| Untracked 
|  15|0x0000000080f00000, 0x0000000081000000, 0x0000000081000000|100%| O|  |TAMS 0x0000000081000000| PB 0x0000000080f00000| Untracked 
|  16|0x0000000081000000, 0x0000000081100000, 0x0000000081100000|100%| O|  |TAMS 0x0000000081100000| PB 0x0000000081000000| Untracked 
|  17|0x0000000081100000, 0x0000000081200000, 0x0000000081200000|100%| O|  |TAMS 0x0000000081200000| PB 0x0000000081100000| Untracked 
|  18|0x0000000081200000, 0x0000000081300000, 0x0000000081300000|100%| O|  |TAMS 0x0000000081300000| PB 0x0000000081200000| Untracked 
|  19|0x0000000081300000, 0x0000000081400000, 0x0000000081400000|100%| O|  |TAMS 0x0000000081400000| PB 0x0000000081300000| Untracked 
|  20|0x0000000081400000, 0x0000000081500000, 0x0000000081500000|100%| O|  |TAMS 0x0000000081500000| PB 0x0000000081400000| Untracked 
|  21|0x0000000081500000, 0x0000000081600000, 0x0000000081600000|100%| O|  |TAMS 0x0000000081600000| PB 0x0000000081500000| Untracked 
|  22|0x0000000081600000, 0x0000000081700000, 0x0000000081700000|100%| O|  |TAMS 0x0000000081700000| PB 0x0000000081600000| Untracked 
|  23|0x0000000081700000, 0x0000000081800000, 0x0000000081800000|100%| O|  |TAMS 0x0000000081800000| PB 0x0000000081700000| Untracked 
|  24|0x0000000081800000, 0x0000000081900000, 0x0000000081900000|100%| O|  |TAMS 0x0000000081900000| PB 0x0000000081800000| Untracked 
|  25|0x0000000081900000, 0x0000000081a00000, 0x0000000081a00000|100%| O|  |TAMS 0x0000000081a00000| PB 0x0000000081900000| Untracked 
|  26|0x0000000081a00000, 0x0000000081b00000, 0x0000000081b00000|100%| O|  |TAMS 0x0000000081b00000| PB 0x0000000081a00000| Untracked 
|  27|0x0000000081b00000, 0x0000000081c00000, 0x0000000081c00000|100%| O|  |TAMS 0x0000000081c00000| PB 0x0000000081b00000| Untracked 
|  28|0x0000000081c00000, 0x0000000081d00000, 0x0000000081d00000|100%| O|  |TAMS 0x0000000081d00000| PB 0x0000000081c00000| Untracked 
|  29|0x0000000081d00000, 0x0000000081e00000, 0x0000000081e00000|100%| O|  |TAMS 0x0000000081e00000| PB 0x0000000081d00000| Untracked 
|  30|0x0000000081e00000, 0x0000000081f00000, 0x0000000081f00000|100%| O|  |TAMS 0x0000000081f00000| PB 0x0000000081e00000| Untracked 
|  31|0x0000000081f00000, 0x0000000082000000, 0x0000000082000000|100%| O|  |TAMS 0x0000000082000000| PB 0x0000000081f00000| Untracked 
|  32|0x0000000082000000, 0x0000000082100000, 0x0000000082100000|100%| O|  |TAMS 0x0000000082100000| PB 0x0000000082000000| Untracked 
|  33|0x0000000082100000, 0x0000000082200000, 0x0000000082200000|100%| O|  |TAMS 0x0000000082200000| PB 0x0000000082100000| Untracked 
|  34|0x0000000082200000, 0x0000000082300000, 0x0000000082300000|100%| O|  |TAMS 0x0000000082300000| PB 0x0000000082200000| Untracked 
|  35|0x0000000082300000, 0x0000000082400000, 0x0000000082400000|100%| O|  |TAMS 0x0000000082400000| PB 0x0000000082300000| Untracked 
|  36|0x0000000082400000, 0x0000000082500000, 0x0000000082500000|100%| O|  |TAMS 0x0000000082500000| PB 0x0000000082400000| Untracked 
|  37|0x0000000082500000, 0x0000000082600000, 0x0000000082600000|100%| O|  |TAMS 0x0000000082600000| PB 0x0000000082500000| Untracked 
|  38|0x0000000082600000, 0x0000000082700000, 0x0000000082700000|100%| O|  |TAMS 0x0000000082700000| PB 0x0000000082600000| Untracked 
|  39|0x0000000082700000, 0x0000000082800000, 0x0000000082800000|100%| O|  |TAMS 0x0000000082800000| PB 0x0000000082700000| Untracked 
|  40|0x0000000082800000, 0x0000000082900000, 0x0000000082900000|100%| O|  |TAMS 0x0000000082900000| PB 0x0000000082800000| Untracked 
|  41|0x0000000082900000, 0x0000000082a00000, 0x0000000082a00000|100%| O|  |TAMS 0x0000000082a00000| PB 0x0000000082900000| Untracked 
|  42|0x0000000082a00000, 0x0000000082b00000, 0x0000000082b00000|100%|HS|  |TAMS 0x0000000082b00000| PB 0x0000000082a00000| Complete 
|  43|0x0000000082b00000, 0x0000000082c00000, 0x0000000082c00000|100%| O|  |TAMS 0x0000000082c00000| PB 0x0000000082b00000| Untracked 
|  44|0x0000000082c00000, 0x0000000082d00000, 0x0000000082d00000|100%| O|  |TAMS 0x0000000082d00000| PB 0x0000000082c00000| Untracked 
|  45|0x0000000082d00000, 0x0000000082e00000, 0x0000000082e00000|100%| O|  |TAMS 0x0000000082e00000| PB 0x0000000082d00000| Untracked 
|  46|0x0000000082e00000, 0x0000000082f00000, 0x0000000082f00000|100%| O|  |TAMS 0x0000000082f00000| PB 0x0000000082e00000| Untracked 
|  47|0x0000000082f00000, 0x0000000083000000, 0x0000000083000000|100%| O|  |TAMS 0x0000000083000000| PB 0x0000000082f00000| Untracked 
|  48|0x0000000083000000, 0x0000000083100000, 0x0000000083100000|100%| O|  |TAMS 0x0000000083100000| PB 0x0000000083000000| Untracked 
|  49|0x0000000083100000, 0x0000000083200000, 0x0000000083200000|100%| O|  |TAMS 0x0000000083200000| PB 0x0000000083100000| Untracked 
|  50|0x0000000083200000, 0x0000000083300000, 0x0000000083300000|100%| O|  |TAMS 0x0000000083300000| PB 0x0000000083200000| Untracked 
|  51|0x0000000083300000, 0x0000000083400000, 0x0000000083400000|100%|HS|  |TAMS 0x0000000083400000| PB 0x0000000083300000| Complete 
|  52|0x0000000083400000, 0x0000000083500000, 0x0000000083500000|100%|HS|  |TAMS 0x0000000083500000| PB 0x0000000083400000| Complete 
|  53|0x0000000083500000, 0x0000000083600000, 0x0000000083600000|100%|HC|  |TAMS 0x0000000083600000| PB 0x0000000083500000| Complete 
|  54|0x0000000083600000, 0x0000000083700000, 0x0000000083700000|100%|HS|  |TAMS 0x0000000083700000| PB 0x0000000083600000| Complete 
|  55|0x0000000083700000, 0x0000000083800000, 0x0000000083800000|100%|HC|  |TAMS 0x0000000083800000| PB 0x0000000083700000| Complete 
|  56|0x0000000083800000, 0x0000000083900000, 0x0000000083900000|100%|HS|  |TAMS 0x0000000083900000| PB 0x0000000083800000| Complete 
|  57|0x0000000083900000, 0x0000000083a00000, 0x0000000083a00000|100%|HC|  |TAMS 0x0000000083a00000| PB 0x0000000083900000| Complete 
|  58|0x0000000083a00000, 0x0000000083b00000, 0x0000000083b00000|100%|HC|  |TAMS 0x0000000083b00000| PB 0x0000000083a00000| Complete 
|  59|0x0000000083b00000, 0x0000000083c00000, 0x0000000083c00000|100%|HS|  |TAMS 0x0000000083c00000| PB 0x0000000083b00000| Complete 
|  60|0x0000000083c00000, 0x0000000083d00000, 0x0000000083d00000|100%|HS|  |TAMS 0x0000000083d00000| PB 0x0000000083c00000| Complete 
|  61|0x0000000083d00000, 0x0000000083e00000, 0x0000000083e00000|100%| O|  |TAMS 0x0000000083e00000| PB 0x0000000083d00000| Untracked 
|  62|0x0000000083e00000, 0x0000000083f00000, 0x0000000083f00000|100%|HS|  |TAMS 0x0000000083f00000| PB 0x0000000083e00000| Complete 
|  63|0x0000000083f00000, 0x0000000084000000, 0x0000000084000000|100%|HS|  |TAMS 0x0000000084000000| PB 0x0000000083f00000| Complete 
|  64|0x0000000084000000, 0x0000000084100000, 0x0000000084100000|100%| O|  |TAMS 0x0000000084100000| PB 0x0000000084000000| Untracked 
|  65|0x0000000084100000, 0x0000000084200000, 0x0000000084200000|100%| O|  |TAMS 0x0000000084200000| PB 0x0000000084100000| Untracked 
|  66|0x0000000084200000, 0x0000000084300000, 0x0000000084300000|100%| O|  |TAMS 0x0000000084300000| PB 0x0000000084200000| Untracked 
|  67|0x0000000084300000, 0x0000000084400000, 0x0000000084400000|100%| O|  |TAMS 0x0000000084400000| PB 0x0000000084300000| Untracked 
|  68|0x0000000084400000, 0x0000000084500000, 0x0000000084500000|100%| O|  |TAMS 0x0000000084500000| PB 0x0000000084400000| Untracked 
|  69|0x0000000084500000, 0x0000000084600000, 0x0000000084600000|100%| O|  |TAMS 0x0000000084600000| PB 0x0000000084500000| Untracked 
|  70|0x0000000084600000, 0x0000000084700000, 0x0000000084700000|100%| O|  |TAMS 0x0000000084700000| PB 0x0000000084600000| Untracked 
|  71|0x0000000084700000, 0x0000000084800000, 0x0000000084800000|100%|HS|  |TAMS 0x0000000084800000| PB 0x0000000084700000| Complete 
|  72|0x0000000084800000, 0x0000000084900000, 0x0000000084900000|100%| O|  |TAMS 0x0000000084900000| PB 0x0000000084800000| Untracked 
|  73|0x0000000084900000, 0x0000000084a00000, 0x0000000084a00000|100%| O|  |TAMS 0x0000000084a00000| PB 0x0000000084900000| Untracked 
|  74|0x0000000084a00000, 0x0000000084b00000, 0x0000000084b00000|100%|HS|  |TAMS 0x0000000084b00000| PB 0x0000000084a00000| Complete 
|  75|0x0000000084b00000, 0x0000000084c00000, 0x0000000084c00000|100%|HC|  |TAMS 0x0000000084c00000| PB 0x0000000084b00000| Complete 
|  76|0x0000000084c00000, 0x0000000084d00000, 0x0000000084d00000|100%|HC|  |TAMS 0x0000000084d00000| PB 0x0000000084c00000| Complete 
|  77|0x0000000084d00000, 0x0000000084e00000, 0x0000000084e00000|100%| O|  |TAMS 0x0000000084e00000| PB 0x0000000084d00000| Untracked 
|  78|0x0000000084e00000, 0x0000000084f00000, 0x0000000084f00000|100%| O|  |TAMS 0x0000000084f00000| PB 0x0000000084e00000| Untracked 
|  79|0x0000000084f00000, 0x0000000085000000, 0x0000000085000000|100%| O|  |TAMS 0x0000000085000000| PB 0x0000000084f00000| Untracked 
|  80|0x0000000085000000, 0x0000000085100000, 0x0000000085100000|100%| O|  |TAMS 0x0000000085100000| PB 0x0000000085000000| Untracked 
|  81|0x0000000085100000, 0x0000000085200000, 0x0000000085200000|100%| O|  |TAMS 0x0000000085200000| PB 0x0000000085100000| Untracked 
|  82|0x0000000085200000, 0x0000000085300000, 0x0000000085300000|100%| O|  |TAMS 0x0000000085300000| PB 0x0000000085200000| Untracked 
|  83|0x0000000085300000, 0x0000000085400000, 0x0000000085400000|100%| O|  |TAMS 0x0000000085400000| PB 0x0000000085300000| Untracked 
|  84|0x0000000085400000, 0x0000000085500000, 0x0000000085500000|100%| O|  |TAMS 0x0000000085500000| PB 0x0000000085400000| Untracked 
|  85|0x0000000085500000, 0x0000000085600000, 0x0000000085600000|100%| O|  |TAMS 0x0000000085600000| PB 0x0000000085500000| Untracked 
|  86|0x0000000085600000, 0x0000000085700000, 0x0000000085700000|100%| O|  |TAMS 0x0000000085700000| PB 0x0000000085600000| Untracked 
|  87|0x0000000085700000, 0x0000000085800000, 0x0000000085800000|100%| O|  |TAMS 0x0000000085700000| PB 0x0000000085700000| Untracked 
|  88|0x0000000085800000, 0x0000000085900000, 0x0000000085900000|100%| O|  |TAMS 0x0000000085800000| PB 0x0000000085800000| Untracked 
|  89|0x0000000085900000, 0x0000000085a00000, 0x0000000085a00000|100%| O|  |TAMS 0x0000000085a00000| PB 0x0000000085900000| Untracked 
|  90|0x0000000085a00000, 0x0000000085b00000, 0x0000000085b00000|100%| O|  |TAMS 0x0000000085b00000| PB 0x0000000085a00000| Untracked 
|  91|0x0000000085b00000, 0x0000000085c00000, 0x0000000085c00000|100%| O|  |TAMS 0x0000000085c00000| PB 0x0000000085b00000| Untracked 
|  92|0x0000000085c00000, 0x0000000085d00000, 0x0000000085d00000|100%| O|  |TAMS 0x0000000085d00000| PB 0x0000000085c00000| Untracked 
|  93|0x0000000085d00000, 0x0000000085e00000, 0x0000000085e00000|100%| O|  |TAMS 0x0000000085e00000| PB 0x0000000085d00000| Untracked 
|  94|0x0000000085e00000, 0x0000000085f00000, 0x0000000085f00000|100%| O|  |TAMS 0x0000000085f00000| PB 0x0000000085e00000| Untracked 
|  95|0x0000000085f00000, 0x0000000086000000, 0x0000000086000000|100%| O|  |TAMS 0x0000000086000000| PB 0x0000000085f00000| Untracked 
|  96|0x0000000086000000, 0x0000000086100000, 0x0000000086100000|100%| O|  |TAMS 0x0000000086100000| PB 0x0000000086000000| Untracked 
|  97|0x0000000086100000, 0x0000000086200000, 0x0000000086200000|100%| O|  |TAMS 0x0000000086200000| PB 0x0000000086100000| Untracked 
|  98|0x0000000086200000, 0x0000000086300000, 0x0000000086300000|100%| O|  |TAMS 0x0000000086300000| PB 0x0000000086200000| Untracked 
|  99|0x0000000086300000, 0x0000000086400000, 0x0000000086400000|100%| O|  |TAMS 0x0000000086400000| PB 0x0000000086300000| Untracked 
| 100|0x0000000086400000, 0x0000000086500000, 0x0000000086500000|100%| O|  |TAMS 0x0000000086500000| PB 0x0000000086400000| Untracked 
| 101|0x0000000086500000, 0x0000000086600000, 0x0000000086600000|100%| O|  |TAMS 0x0000000086600000| PB 0x0000000086500000| Untracked 
| 102|0x0000000086600000, 0x0000000086700000, 0x0000000086700000|100%| O|  |TAMS 0x0000000086700000| PB 0x0000000086600000| Untracked 
| 103|0x0000000086700000, 0x0000000086800000, 0x0000000086800000|100%| O|  |TAMS 0x0000000086800000| PB 0x0000000086700000| Untracked 
| 104|0x0000000086800000, 0x0000000086900000, 0x0000000086900000|100%| O|  |TAMS 0x0000000086900000| PB 0x0000000086800000| Untracked 
| 105|0x0000000086900000, 0x0000000086a00000, 0x0000000086a00000|100%| O|  |TAMS 0x0000000086a00000| PB 0x0000000086900000| Untracked 
| 106|0x0000000086a00000, 0x0000000086b00000, 0x0000000086b00000|100%| O|  |TAMS 0x0000000086b00000| PB 0x0000000086a00000| Untracked 
| 107|0x0000000086b00000, 0x0000000086c00000, 0x0000000086c00000|100%| O|  |TAMS 0x0000000086c00000| PB 0x0000000086b00000| Untracked 
| 108|0x0000000086c00000, 0x0000000086d00000, 0x0000000086d00000|100%| O|  |TAMS 0x0000000086d00000| PB 0x0000000086c00000| Untracked 
| 109|0x0000000086d00000, 0x0000000086e00000, 0x0000000086e00000|100%| O|  |TAMS 0x0000000086e00000| PB 0x0000000086d00000| Untracked 
| 110|0x0000000086e00000, 0x0000000086f00000, 0x0000000086f00000|100%| O|  |TAMS 0x0000000086f00000| PB 0x0000000086e00000| Untracked 
| 111|0x0000000086f00000, 0x0000000087000000, 0x0000000087000000|100%| O|  |TAMS 0x0000000086f00000| PB 0x0000000086f00000| Untracked 
| 112|0x0000000087000000, 0x0000000087100000, 0x0000000087100000|100%| O|  |TAMS 0x0000000087000000| PB 0x0000000087000000| Untracked 
| 113|0x0000000087100000, 0x0000000087200000, 0x0000000087200000|100%| O|  |TAMS 0x0000000087200000| PB 0x0000000087100000| Untracked 
| 114|0x0000000087200000, 0x0000000087300000, 0x0000000087300000|100%| O|  |TAMS 0x0000000087300000| PB 0x0000000087200000| Untracked 
| 115|0x0000000087300000, 0x0000000087400000, 0x0000000087400000|100%| O|  |TAMS 0x0000000087400000| PB 0x0000000087300000| Untracked 
| 116|0x0000000087400000, 0x0000000087500000, 0x0000000087500000|100%| O|  |TAMS 0x0000000087500000| PB 0x0000000087400000| Untracked 
| 117|0x0000000087500000, 0x0000000087600000, 0x0000000087600000|100%| O|  |TAMS 0x0000000087600000| PB 0x0000000087500000| Untracked 
| 118|0x0000000087600000, 0x0000000087700000, 0x0000000087700000|100%| O|  |TAMS 0x0000000087700000| PB 0x0000000087600000| Untracked 
| 119|0x0000000087700000, 0x0000000087800000, 0x0000000087800000|100%| O|  |TAMS 0x0000000087800000| PB 0x0000000087700000| Untracked 
| 120|0x0000000087800000, 0x0000000087900000, 0x0000000087900000|100%| O|  |TAMS 0x0000000087900000| PB 0x0000000087800000| Untracked 
| 121|0x0000000087900000, 0x0000000087a00000, 0x0000000087a00000|100%| O|  |TAMS 0x0000000087a00000| PB 0x0000000087900000| Untracked 
| 122|0x0000000087a00000, 0x0000000087b00000, 0x0000000087b00000|100%| O|  |TAMS 0x0000000087b00000| PB 0x0000000087a00000| Untracked 
| 123|0x0000000087b00000, 0x0000000087c00000, 0x0000000087c00000|100%| O|  |TAMS 0x0000000087c00000| PB 0x0000000087b00000| Untracked 
| 124|0x0000000087c00000, 0x0000000087d00000, 0x0000000087d00000|100%| O|  |TAMS 0x0000000087d00000| PB 0x0000000087c00000| Untracked 
| 125|0x0000000087d00000, 0x0000000087e00000, 0x0000000087e00000|100%| O|  |TAMS 0x0000000087e00000| PB 0x0000000087d00000| Untracked 
| 126|0x0000000087e00000, 0x0000000087f00000, 0x0000000087f00000|100%| O|  |TAMS 0x0000000087f00000| PB 0x0000000087e00000| Untracked 
| 127|0x0000000087f00000, 0x0000000088000000, 0x0000000088000000|100%| O|  |TAMS 0x0000000088000000| PB 0x0000000087f00000| Untracked 
| 128|0x0000000088000000, 0x0000000088100000, 0x0000000088100000|100%| O|  |TAMS 0x0000000088100000| PB 0x0000000088000000| Untracked 
| 129|0x0000000088100000, 0x0000000088200000, 0x0000000088200000|100%| O|  |TAMS 0x0000000088200000| PB 0x0000000088100000| Untracked 
| 130|0x0000000088200000, 0x0000000088300000, 0x0000000088300000|100%| O|  |TAMS 0x0000000088300000| PB 0x0000000088200000| Untracked 
| 131|0x0000000088300000, 0x0000000088400000, 0x0000000088400000|100%| O|  |TAMS 0x0000000088400000| PB 0x0000000088300000| Untracked 
| 132|0x0000000088400000, 0x0000000088500000, 0x0000000088500000|100%| O|  |TAMS 0x0000000088500000| PB 0x0000000088400000| Untracked 
| 133|0x0000000088500000, 0x0000000088600000, 0x0000000088600000|100%| O|  |TAMS 0x0000000088600000| PB 0x0000000088500000| Untracked 
| 134|0x0000000088600000, 0x0000000088700000, 0x0000000088700000|100%| O|  |TAMS 0x0000000088700000| PB 0x0000000088600000| Untracked 
| 135|0x0000000088700000, 0x0000000088800000, 0x0000000088800000|100%| O|  |TAMS 0x0000000088800000| PB 0x0000000088700000| Untracked 
| 136|0x0000000088800000, 0x0000000088900000, 0x0000000088900000|100%| O|  |TAMS 0x0000000088900000| PB 0x0000000088800000| Untracked 
| 137|0x0000000088900000, 0x0000000088a00000, 0x0000000088a00000|100%| O|  |TAMS 0x0000000088a00000| PB 0x0000000088900000| Untracked 
| 138|0x0000000088a00000, 0x0000000088b00000, 0x0000000088b00000|100%| O|  |TAMS 0x0000000088b00000| PB 0x0000000088a00000| Untracked 
| 139|0x0000000088b00000, 0x0000000088c00000, 0x0000000088c00000|100%| O|  |TAMS 0x0000000088c00000| PB 0x0000000088b00000| Untracked 
| 140|0x0000000088c00000, 0x0000000088d00000, 0x0000000088d00000|100%| O|  |TAMS 0x0000000088d00000| PB 0x0000000088c00000| Untracked 
| 141|0x0000000088d00000, 0x0000000088e00000, 0x0000000088e00000|100%| O|  |TAMS 0x0000000088e00000| PB 0x0000000088d00000| Untracked 
| 142|0x0000000088e00000, 0x0000000088f00000, 0x0000000088f00000|100%| O|  |TAMS 0x0000000088f00000| PB 0x0000000088e00000| Untracked 
| 143|0x0000000088f00000, 0x0000000089000000, 0x0000000089000000|100%| O|  |TAMS 0x0000000089000000| PB 0x0000000088f00000| Untracked 
| 144|0x0000000089000000, 0x0000000089100000, 0x0000000089100000|100%| O|  |TAMS 0x0000000089100000| PB 0x0000000089000000| Untracked 
| 145|0x0000000089100000, 0x0000000089200000, 0x0000000089200000|100%| O|  |TAMS 0x0000000089200000| PB 0x0000000089100000| Untracked 
| 146|0x0000000089200000, 0x0000000089300000, 0x0000000089300000|100%| O|  |TAMS 0x0000000089300000| PB 0x0000000089200000| Untracked 
| 147|0x0000000089300000, 0x0000000089400000, 0x0000000089400000|100%| O|  |TAMS 0x0000000089400000| PB 0x0000000089300000| Untracked 
| 148|0x0000000089400000, 0x0000000089500000, 0x0000000089500000|100%| O|  |TAMS 0x0000000089500000| PB 0x0000000089400000| Untracked 
| 149|0x0000000089500000, 0x0000000089600000, 0x0000000089600000|100%| O|  |TAMS 0x0000000089600000| PB 0x0000000089500000| Untracked 
| 150|0x0000000089600000, 0x0000000089700000, 0x0000000089700000|100%| O|  |TAMS 0x0000000089600000| PB 0x0000000089600000| Untracked 
| 151|0x0000000089700000, 0x0000000089800000, 0x0000000089800000|100%| O|  |TAMS 0x0000000089700000| PB 0x0000000089700000| Untracked 
| 152|0x0000000089800000, 0x0000000089900000, 0x0000000089900000|100%| O|  |TAMS 0x0000000089800000| PB 0x0000000089800000| Untracked 
| 153|0x0000000089900000, 0x00000000899ed6f0, 0x0000000089a00000| 92%| O|  |TAMS 0x0000000089900000| PB 0x0000000089900000| Untracked 
| 154|0x0000000089a00000, 0x0000000089b00000, 0x0000000089b00000|100%|HS|  |TAMS 0x0000000089a00000| PB 0x0000000089a00000| Complete 
| 155|0x0000000089b00000, 0x0000000089c00000, 0x0000000089c00000|100%|HS|  |TAMS 0x0000000089b00000| PB 0x0000000089b00000| Complete 
| 156|0x0000000089c00000, 0x0000000089d00000, 0x0000000089d00000|100%|HC|  |TAMS 0x0000000089c00000| PB 0x0000000089c00000| Complete 
| 157|0x0000000089d00000, 0x0000000089e00000, 0x0000000089e00000|100%|HS|  |TAMS 0x0000000089d00000| PB 0x0000000089d00000| Complete 
| 158|0x0000000089e00000, 0x0000000089f00000, 0x0000000089f00000|100%|HS|  |TAMS 0x0000000089e00000| PB 0x0000000089e00000| Complete 
| 159|0x0000000089f00000, 0x000000008a000000, 0x000000008a000000|100%|HS|  |TAMS 0x0000000089f00000| PB 0x0000000089f00000| Complete 
| 160|0x000000008a000000, 0x000000008a100000, 0x000000008a100000|100%|HC|  |TAMS 0x000000008a000000| PB 0x000000008a000000| Complete 
| 161|0x000000008a100000, 0x000000008a200000, 0x000000008a200000|100%|HS|  |TAMS 0x000000008a100000| PB 0x000000008a100000| Complete 
| 162|0x000000008a200000, 0x000000008a300000, 0x000000008a300000|100%|HC|  |TAMS 0x000000008a200000| PB 0x000000008a200000| Complete 
| 163|0x000000008a300000, 0x000000008a300000, 0x000000008a400000|  0%| F|  |TAMS 0x000000008a300000| PB 0x000000008a300000| Untracked 
| 164|0x000000008a400000, 0x000000008a400000, 0x000000008a500000|  0%| F|  |TAMS 0x000000008a400000| PB 0x000000008a400000| Untracked 
| 165|0x000000008a500000, 0x000000008a500000, 0x000000008a600000|  0%| F|  |TAMS 0x000000008a500000| PB 0x000000008a500000| Untracked 
| 166|0x000000008a600000, 0x000000008a600000, 0x000000008a700000|  0%| F|  |TAMS 0x000000008a600000| PB 0x000000008a600000| Untracked 
| 167|0x000000008a700000, 0x000000008a700000, 0x000000008a800000|  0%| F|  |TAMS 0x000000008a700000| PB 0x000000008a700000| Untracked 
| 168|0x000000008a800000, 0x000000008a800000, 0x000000008a900000|  0%| F|  |TAMS 0x000000008a800000| PB 0x000000008a800000| Untracked 
| 169|0x000000008a900000, 0x000000008a900000, 0x000000008aa00000|  0%| F|  |TAMS 0x000000008a900000| PB 0x000000008a900000| Untracked 
| 170|0x000000008aa00000, 0x000000008aa00000, 0x000000008ab00000|  0%| F|  |TAMS 0x000000008aa00000| PB 0x000000008aa00000| Untracked 
| 171|0x000000008ab00000, 0x000000008ab00000, 0x000000008ac00000|  0%| F|  |TAMS 0x000000008ab00000| PB 0x000000008ab00000| Untracked 
| 172|0x000000008ac00000, 0x000000008ac00000, 0x000000008ad00000|  0%| F|  |TAMS 0x000000008ac00000| PB 0x000000008ac00000| Untracked 
| 173|0x000000008ad00000, 0x000000008ad00000, 0x000000008ae00000|  0%| F|  |TAMS 0x000000008ad00000| PB 0x000000008ad00000| Untracked 
| 174|0x000000008ae00000, 0x000000008ae00000, 0x000000008af00000|  0%| F|  |TAMS 0x000000008ae00000| PB 0x000000008ae00000| Untracked 
| 175|0x000000008af00000, 0x000000008af00000, 0x000000008b000000|  0%| F|  |TAMS 0x000000008af00000| PB 0x000000008af00000| Untracked 
| 176|0x000000008b000000, 0x000000008b000000, 0x000000008b100000|  0%| F|  |TAMS 0x000000008b000000| PB 0x000000008b000000| Untracked 
| 177|0x000000008b100000, 0x000000008b100000, 0x000000008b200000|  0%| F|  |TAMS 0x000000008b100000| PB 0x000000008b100000| Untracked 
| 178|0x000000008b200000, 0x000000008b200000, 0x000000008b300000|  0%| F|  |TAMS 0x000000008b200000| PB 0x000000008b200000| Untracked 
| 179|0x000000008b300000, 0x000000008b300000, 0x000000008b400000|  0%| F|  |TAMS 0x000000008b300000| PB 0x000000008b300000| Untracked 
| 180|0x000000008b400000, 0x000000008b400000, 0x000000008b500000|  0%| F|  |TAMS 0x000000008b400000| PB 0x000000008b400000| Untracked 
| 181|0x000000008b500000, 0x000000008b500000, 0x000000008b600000|  0%| F|  |TAMS 0x000000008b500000| PB 0x000000008b500000| Untracked 
| 182|0x000000008b600000, 0x000000008b600000, 0x000000008b700000|  0%| F|  |TAMS 0x000000008b600000| PB 0x000000008b600000| Untracked 
| 183|0x000000008b700000, 0x000000008b700000, 0x000000008b800000|  0%| F|  |TAMS 0x000000008b700000| PB 0x000000008b700000| Untracked 
| 184|0x000000008b800000, 0x000000008b800000, 0x000000008b900000|  0%| F|  |TAMS 0x000000008b800000| PB 0x000000008b800000| Untracked 
| 185|0x000000008b900000, 0x000000008b900000, 0x000000008ba00000|  0%| F|  |TAMS 0x000000008b900000| PB 0x000000008b900000| Untracked 
| 186|0x000000008ba00000, 0x000000008ba00000, 0x000000008bb00000|  0%| F|  |TAMS 0x000000008ba00000| PB 0x000000008ba00000| Untracked 
| 187|0x000000008bb00000, 0x000000008bb00000, 0x000000008bc00000|  0%| F|  |TAMS 0x000000008bb00000| PB 0x000000008bb00000| Untracked 
| 188|0x000000008bc00000, 0x000000008bc00000, 0x000000008bd00000|  0%| F|  |TAMS 0x000000008bc00000| PB 0x000000008bc00000| Untracked 
| 189|0x000000008bd00000, 0x000000008bd00000, 0x000000008be00000|  0%| F|  |TAMS 0x000000008bd00000| PB 0x000000008bd00000| Untracked 
| 190|0x000000008be00000, 0x000000008be00000, 0x000000008bf00000|  0%| F|  |TAMS 0x000000008be00000| PB 0x000000008be00000| Untracked 
| 191|0x000000008bf00000, 0x000000008bf00000, 0x000000008c000000|  0%| F|  |TAMS 0x000000008bf00000| PB 0x000000008bf00000| Untracked 
| 192|0x000000008c000000, 0x000000008c000000, 0x000000008c100000|  0%| F|  |TAMS 0x000000008c000000| PB 0x000000008c000000| Untracked 
| 193|0x000000008c100000, 0x000000008c100000, 0x000000008c200000|  0%| F|  |TAMS 0x000000008c100000| PB 0x000000008c100000| Untracked 
| 194|0x000000008c200000, 0x000000008c200000, 0x000000008c300000|  0%| F|  |TAMS 0x000000008c200000| PB 0x000000008c200000| Untracked 
| 195|0x000000008c300000, 0x000000008c300000, 0x000000008c400000|  0%| F|  |TAMS 0x000000008c300000| PB 0x000000008c300000| Untracked 
| 219|0x000000008db00000, 0x000000008db00000, 0x000000008dc00000|  0%| F|  |TAMS 0x000000008db00000| PB 0x000000008db00000| Untracked 
| 220|0x000000008dc00000, 0x000000008dc00000, 0x000000008dd00000|  0%| F|  |TAMS 0x000000008dc00000| PB 0x000000008dc00000| Untracked 
| 221|0x000000008dd00000, 0x000000008dd00000, 0x000000008de00000|  0%| F|  |TAMS 0x000000008dd00000| PB 0x000000008dd00000| Untracked 
| 222|0x000000008de00000, 0x000000008de00000, 0x000000008df00000|  0%| F|  |TAMS 0x000000008de00000| PB 0x000000008de00000| Untracked 
| 223|0x000000008df00000, 0x000000008df00000, 0x000000008e000000|  0%| F|  |TAMS 0x000000008df00000| PB 0x000000008df00000| Untracked 
| 224|0x000000008e000000, 0x000000008e000000, 0x000000008e100000|  0%| F|  |TAMS 0x000000008e000000| PB 0x000000008e000000| Untracked 
| 225|0x000000008e100000, 0x000000008e200000, 0x000000008e200000|100%| E|  |TAMS 0x000000008e100000| PB 0x000000008e100000| Complete 
| 226|0x000000008e200000, 0x000000008e300000, 0x000000008e300000|100%| E|CS|TAMS 0x000000008e200000| PB 0x000000008e200000| Complete 
| 227|0x000000008e300000, 0x000000008e400000, 0x000000008e400000|100%| E|CS|TAMS 0x000000008e300000| PB 0x000000008e300000| Complete 
| 228|0x000000008e400000, 0x000000008e500000, 0x000000008e500000|100%| E|CS|TAMS 0x000000008e400000| PB 0x000000008e400000| Complete 
| 229|0x000000008e500000, 0x000000008e600000, 0x000000008e600000|100%| E|CS|TAMS 0x000000008e500000| PB 0x000000008e500000| Complete 
| 245|0x000000008f500000, 0x000000008f600000, 0x000000008f600000|100%| E|CS|TAMS 0x000000008f500000| PB 0x000000008f500000| Complete 
|2041|0x00000000ff900000, 0x00000000ffa00000, 0x00000000ffa00000|100%| E|CS|TAMS 0x00000000ff900000| PB 0x00000000ff900000| Complete 
|2042|0x00000000ffa00000, 0x00000000ffb00000, 0x00000000ffb00000|100%| E|CS|TAMS 0x00000000ffa00000| PB 0x00000000ffa00000| Complete 
|2043|0x00000000ffb00000, 0x00000000ffbd8950, 0x00000000ffc00000| 84%| S|CS|TAMS 0x00000000ffb00000| PB 0x00000000ffb00000| Complete 
|2044|0x00000000ffc00000, 0x00000000ffd00000, 0x00000000ffd00000|100%| S|CS|TAMS 0x00000000ffc00000| PB 0x00000000ffc00000| Complete 
|2045|0x00000000ffd00000, 0x00000000ffe00000, 0x00000000ffe00000|100%| E|CS|TAMS 0x00000000ffd00000| PB 0x00000000ffd00000| Complete 
|2046|0x00000000ffe00000, 0x00000000fff00000, 0x00000000fff00000|100%| E|CS|TAMS 0x00000000ffe00000| PB 0x00000000ffe00000| Complete 
|2047|0x00000000fff00000, 0x0000000100000000, 0x0000000100000000|100%| E|CS|TAMS 0x00000000fff00000| PB 0x00000000fff00000| Complete 

Card table byte_map: [0x000002a4eb610000,0x000002a4eba10000] _byte_map_base: 0x000002a4eb210000

Marking Bits: (CMBitMap*) 0x000002a4d8de59d0
 Bits: [0x000002a4eba10000, 0x000002a4eda10000)

Polling page: 0x000002a4d8550000

Metaspace:

Usage:
  Non-class:    102.05 MB used.
      Class:     16.33 MB used.
       Both:    118.39 MB used.

Virtual space:
  Non-class space:      128.00 MB reserved,     103.19 MB ( 81%) committed,  2 nodes.
      Class space:        1.00 GB reserved,      17.44 MB (  2%) committed,  1 nodes.
             Both:        1.12 GB reserved,     120.62 MB ( 10%) committed. 

Chunk freelists:
   Non-Class:  8.22 MB
       Class:  14.47 MB
        Both:  22.69 MB

MaxMetaspaceSize: unlimited
CompressedClassSpaceSize: 1.00 GB
Initial GC threshold: 21.00 MB
Current GC threshold: 197.50 MB
CDS: off
 - commit_granule_bytes: 65536.
 - commit_granule_words: 8192.
 - virtual_space_node_default_size: 8388608.
 - enlarge_chunks_in_place: 1.
 - use_allocation_guard: 0.


Internal statistics:

num_allocs_failed_limit: 9.
num_arena_births: 4420.
num_arena_deaths: 0.
num_vsnodes_births: 3.
num_vsnodes_deaths: 0.
num_space_committed: 1929.
num_space_uncommitted: 0.
num_chunks_returned_to_freelist: 9.
num_chunks_taken_from_freelist: 9657.
num_chunk_merges: 6.
num_chunk_splits: 6252.
num_chunks_enlarged: 3875.
num_inconsistent_stats: 0.

CodeHeap 'non-profiled nmethods': size=120000Kb used=8827Kb max_used=8827Kb free=111172Kb
 bounds [0x000002a4e39b0000, 0x000002a4e4250000, 0x000002a4eaee0000]
CodeHeap 'profiled nmethods': size=120000Kb used=23756Kb max_used=23756Kb free=96244Kb
 bounds [0x000002a4dbee0000, 0x000002a4dd620000, 0x000002a4e3410000]
CodeHeap 'non-nmethods': size=5760Kb used=2901Kb max_used=2979Kb free=2858Kb
 bounds [0x000002a4e3410000, 0x000002a4e3710000, 0x000002a4e39b0000]
 total_blobs=13728 nmethods=12716 adapters=915
 compilation: enabled
              stopped_count=0, restarted_count=0
 full_count=0

Compilation events (20 events):
Event: 20.633 Thread 0x000002a4fb4205e0 nmethod 15030 0x000002a4e424df90 code [0x000002a4e424e160, 0x000002a4e424e640]
Event: 20.645 Thread 0x000002a4fb4205e0 15046       4       com.android.ide.common.resources.DataItem::isRemoved (15 bytes)
Event: 20.646 Thread 0x000002a4fb4205e0 nmethod 15046 0x000002a4e424e990 code [0x000002a4e424eb20, 0x000002a4e424ebd0]
Event: 20.646 Thread 0x000002a4f06cee80 15047 %     3       jdk.internal.loader.URLClassPath$1::next @ 9 (59 bytes)
Event: 20.646 Thread 0x000002a4f06cee80 nmethod 15047% 0x000002a4dd60e790 code [0x000002a4dd60e980, 0x000002a4dd60edd0]
Event: 20.654 Thread 0x000002a4fb4205e0 15048   !   4       com.android.utils.PositionXmlParser$DomBuilder::startElement (272 bytes)
Event: 20.655 Thread 0x000002a4f06cee80 15052       3       com.google.common.collect.Sets$ImprovedAbstractSet::<init> (5 bytes)
Event: 20.655 Thread 0x000002a4f06cee80 nmethod 15052 0x000002a4dd60ef10 code [0x000002a4dd60f0c0, 0x000002a4dd60f2e8]
Event: 20.656 Thread 0x000002a4f06cee80 15053       3       com.google.common.collect.AbstractMultimap::keySet (23 bytes)
Event: 20.656 Thread 0x000002a4f06cee80 nmethod 15053 0x000002a4dd60f410 code [0x000002a4dd60f5c0, 0x000002a4dd60f858]
Event: 20.668 Thread 0x000002a4f06cee80 15054   !   3       com.android.utils.PositionXmlParser::readAllBytes (87 bytes)
Event: 20.669 Thread 0x000002a4f06cee80 nmethod 15054 0x000002a4dd60f910 code [0x000002a4dd60fb80, 0x000002a4dd610628]
Event: 20.705 Thread 0x000002a4f06cee80 15056       3       com.sun.org.apache.xerces.internal.impl.XMLDocumentFragmentScannerImpl::scanComment (31 bytes)
Event: 20.706 Thread 0x000002a4f06cee80 nmethod 15056 0x000002a4dd610a10 code [0x000002a4dd610bc0, 0x000002a4dd610e10]
Event: 20.706 Thread 0x000002a4f06cee80 15057       3       com.android.utils.PositionXmlParser$DomBuilder::comment (70 bytes)
Event: 20.706 Thread 0x000002a4f06cee80 nmethod 15057 0x000002a4dd610f10 code [0x000002a4dd611160, 0x000002a4dd6119b8]
Event: 20.706 Thread 0x000002a4f06cee80 15058       3       com.sun.org.apache.xerces.internal.dom.CoreDocumentImpl::createComment (10 bytes)
Event: 20.707 Thread 0x000002a4f06cee80 nmethod 15058 0x000002a4dd611d90 code [0x000002a4dd611f60, 0x000002a4dd612358]
Event: 20.707 Thread 0x000002a4f06cee80 15059       3       com.sun.org.apache.xerces.internal.dom.CommentImpl::<init> (7 bytes)
Event: 20.707 Thread 0x000002a4f06cee80 nmethod 15059 0x000002a4dd612510 code [0x000002a4dd6126e0, 0x000002a4dd612a20]

GC Heap History (20 events):
Event: 15.677 GC heap before
{Heap before GC invocations=41 (full 0):
 garbage-first heap   total 163840K, used 150746K [0x0000000080000000, 0x0000000100000000)
  region size 1024K, 54 young (55296K), 4 survivors (4096K)
 Metaspace       used 107570K, committed 109760K, reserved 1179648K
  class space    used 14926K, committed 16000K, reserved 1048576K
}
Event: 15.682 GC heap after
{Heap after GC invocations=42 (full 0):
 garbage-first heap   total 163840K, used 102115K [0x0000000080000000, 0x0000000100000000)
  region size 1024K, 7 young (7168K), 7 survivors (7168K)
 Metaspace       used 107570K, committed 109760K, reserved 1179648K
  class space    used 14926K, committed 16000K, reserved 1048576K
}
Event: 16.237 GC heap before
{Heap before GC invocations=43 (full 0):
 garbage-first heap   total 173056K, used 146147K [0x0000000080000000, 0x0000000100000000)
  region size 1024K, 50 young (51200K), 7 survivors (7168K)
 Metaspace       used 110651K, committed 112896K, reserved 1179648K
  class space    used 15452K, committed 16512K, reserved 1048576K
}
Event: 16.241 GC heap after
{Heap after GC invocations=44 (full 0):
 garbage-first heap   total 173056K, used 104195K [0x0000000080000000, 0x0000000100000000)
  region size 1024K, 5 young (5120K), 5 survivors (5120K)
 Metaspace       used 110651K, committed 112896K, reserved 1179648K
  class space    used 15452K, committed 16512K, reserved 1048576K
}
Event: 16.863 GC heap before
{Heap before GC invocations=44 (full 0):
 garbage-first heap   total 173056K, used 158467K [0x0000000080000000, 0x0000000100000000)
  region size 1024K, 58 young (59392K), 5 survivors (5120K)
 Metaspace       used 114610K, committed 116928K, reserved 1179648K
  class space    used 15960K, committed 17088K, reserved 1048576K
}
Event: 16.870 GC heap after
{Heap after GC invocations=45 (full 0):
 garbage-first heap   total 173056K, used 108137K [0x0000000080000000, 0x0000000100000000)
  region size 1024K, 7 young (7168K), 7 survivors (7168K)
 Metaspace       used 114610K, committed 116928K, reserved 1179648K
  class space    used 15960K, committed 17088K, reserved 1048576K
}
Event: 17.262 GC heap before
{Heap before GC invocations=45 (full 0):
 garbage-first heap   total 173056K, used 155241K [0x0000000080000000, 0x0000000100000000)
  region size 1024K, 53 young (54272K), 7 survivors (7168K)
 Metaspace       used 114784K, committed 117120K, reserved 1179648K
  class space    used 15968K, committed 17088K, reserved 1048576K
}
Event: 17.271 GC heap after
{Heap after GC invocations=46 (full 0):
 garbage-first heap   total 173056K, used 115644K [0x0000000080000000, 0x0000000100000000)
  region size 1024K, 7 young (7168K), 7 survivors (7168K)
 Metaspace       used 114784K, committed 117120K, reserved 1179648K
  class space    used 15968K, committed 17088K, reserved 1048576K
}
Event: 18.068 GC heap before
{Heap before GC invocations=47 (full 0):
 garbage-first heap   total 193536K, used 154556K [0x0000000080000000, 0x0000000100000000)
  region size 1024K, 46 young (47104K), 7 survivors (7168K)
 Metaspace       used 117084K, committed 119360K, reserved 1179648K
  class space    used 16310K, committed 17408K, reserved 1048576K
}
Event: 18.076 GC heap after
{Heap after GC invocations=48 (full 0):
 garbage-first heap   total 193536K, used 122562K [0x0000000080000000, 0x0000000100000000)
  region size 1024K, 6 young (6144K), 6 survivors (6144K)
 Metaspace       used 117084K, committed 119360K, reserved 1179648K
  class space    used 16310K, committed 17408K, reserved 1048576K
}
Event: 18.512 GC heap before
{Heap before GC invocations=48 (full 0):
 garbage-first heap   total 193536K, used 173762K [0x0000000080000000, 0x0000000100000000)
  region size 1024K, 57 young (58368K), 6 survivors (6144K)
 Metaspace       used 117382K, committed 119680K, reserved 1179648K
  class space    used 16383K, committed 17536K, reserved 1048576K
}
Event: 18.520 GC heap after
{Heap after GC invocations=49 (full 0):
 garbage-first heap   total 193536K, used 124502K [0x0000000080000000, 0x0000000100000000)
  region size 1024K, 4 young (4096K), 4 survivors (4096K)
 Metaspace       used 117382K, committed 119680K, reserved 1179648K
  class space    used 16383K, committed 17536K, reserved 1048576K
}
Event: 18.875 GC heap before
{Heap before GC invocations=49 (full 0):
 garbage-first heap   total 193536K, used 150102K [0x0000000080000000, 0x0000000100000000)
  region size 1024K, 31 young (31744K), 4 survivors (4096K)
 Metaspace       used 117829K, committed 120128K, reserved 1179648K
  class space    used 16467K, committed 17600K, reserved 1048576K
}
Event: 18.879 GC heap after
{Heap after GC invocations=50 (full 0):
 garbage-first heap   total 193536K, used 126187K [0x0000000080000000, 0x0000000100000000)
  region size 1024K, 6 young (6144K), 6 survivors (6144K)
 Metaspace       used 117829K, committed 120128K, reserved 1179648K
  class space    used 16467K, committed 17600K, reserved 1048576K
}
Event: 19.600 GC heap before
{Heap before GC invocations=51 (full 0):
 garbage-first heap   total 220160K, used 181483K [0x0000000080000000, 0x0000000100000000)
  region size 1024K, 53 young (54272K), 6 survivors (6144K)
 Metaspace       used 120546K, committed 122816K, reserved 1179648K
  class space    used 16677K, committed 17792K, reserved 1048576K
}
Event: 19.611 GC heap after
{Heap after GC invocations=52 (full 0):
 garbage-first heap   total 220160K, used 144869K [0x0000000080000000, 0x0000000100000000)
  region size 1024K, 7 young (7168K), 7 survivors (7168K)
 Metaspace       used 120546K, committed 122816K, reserved 1179648K
  class space    used 16677K, committed 17792K, reserved 1048576K
}
Event: 20.634 GC heap before
{Heap before GC invocations=52 (full 0):
 garbage-first heap   total 220160K, used 187877K [0x0000000080000000, 0x0000000100000000)
  region size 1024K, 50 young (51200K), 7 survivors (7168K)
 Metaspace       used 121224K, committed 123520K, reserved 1179648K
  class space    used 16726K, committed 17856K, reserved 1048576K
}
Event: 20.644 GC heap after
{Heap after GC invocations=53 (full 0):
 garbage-first heap   total 220160K, used 156672K [0x0000000080000000, 0x0000000100000000)
  region size 1024K, 7 young (7168K), 7 survivors (7168K)
 Metaspace       used 121224K, committed 123520K, reserved 1179648K
  class space    used 16726K, committed 17856K, reserved 1048576K
}
Event: 20.661 GC heap before
{Heap before GC invocations=53 (full 0):
 garbage-first heap   total 220160K, used 158720K [0x0000000080000000, 0x0000000100000000)
  region size 1024K, 10 young (10240K), 7 survivors (7168K)
 Metaspace       used 121225K, committed 123520K, reserved 1179648K
  class space    used 16726K, committed 17856K, reserved 1048576K
}
Event: 20.666 GC heap after
{Heap after GC invocations=54 (full 0):
 garbage-first heap   total 220160K, used 159512K [0x0000000080000000, 0x0000000100000000)
  region size 1024K, 2 young (2048K), 2 survivors (2048K)
 Metaspace       used 121225K, committed 123520K, reserved 1179648K
  class space    used 16726K, committed 17856K, reserved 1048576K
}

Dll operation events (3 events):
Event: 0.007 Loaded shared library C:\Program Files\Android\Android Studio\jbr\bin\java.dll
Event: 0.013 Loaded shared library C:\Program Files\Android\Android Studio\jbr\bin\zip.dll
Event: 0.480 Loaded shared library C:\Program Files\Android\Android Studio\jbr\bin\verify.dll

Deoptimization events (20 events):
Event: 20.672 Thread 0x000002a4faf014b0 Uncommon trap: trap_request=0xffffffc6 fr.pc=0x000002a4e41c7d88 relative=0x0000000000000828
Event: 20.672 Thread 0x000002a4faf014b0 Uncommon trap: reason=bimorphic_or_optimized_type_check action=maybe_recompile pc=0x000002a4e41c7d88 method=com.sun.org.apache.xerces.internal.dom.NamedNodeMapImpl.findNamePoint(Ljava/lang/String;I)I @ 54 c2
Event: 20.672 Thread 0x000002a4faf014b0 DEOPT PACKING pc=0x000002a4e41c7d88 sp=0x000000c1202f9f70
Event: 20.672 Thread 0x000002a4faf014b0 DEOPT UNPACKING pc=0x000002a4e34646a2 sp=0x000000c1202f9f38 mode 2
Event: 20.677 Thread 0x000002a4faf014b0 Uncommon trap: trap_request=0xffffffbe fr.pc=0x000002a4e41cbcf8 relative=0x0000000000000578
Event: 20.677 Thread 0x000002a4faf014b0 Uncommon trap: reason=profile_predicate action=maybe_recompile pc=0x000002a4e41cbcf8 method=com.sun.org.apache.xerces.internal.dom.NamedNodeMapImpl.findNamePoint(Ljava/lang/String;Ljava/lang/String;)I @ 31 c2
Event: 20.677 Thread 0x000002a4faf014b0 DEOPT PACKING pc=0x000002a4e41cbcf8 sp=0x000000c1202fa070
Event: 20.677 Thread 0x000002a4faf014b0 DEOPT UNPACKING pc=0x000002a4e34646a2 sp=0x000000c1202fa020 mode 2
Event: 20.677 Thread 0x000002a4faf014b0 Uncommon trap: trap_request=0xffffffbe fr.pc=0x000002a4e41cbcf8 relative=0x0000000000000578
Event: 20.677 Thread 0x000002a4faf014b0 Uncommon trap: reason=profile_predicate action=maybe_recompile pc=0x000002a4e41cbcf8 method=com.sun.org.apache.xerces.internal.dom.NamedNodeMapImpl.findNamePoint(Ljava/lang/String;Ljava/lang/String;)I @ 31 c2
Event: 20.677 Thread 0x000002a4faf014b0 DEOPT PACKING pc=0x000002a4e41cbcf8 sp=0x000000c1202fa070
Event: 20.677 Thread 0x000002a4faf014b0 DEOPT UNPACKING pc=0x000002a4e34646a2 sp=0x000000c1202fa020 mode 2
Event: 20.678 Thread 0x000002a4faf014b0 Uncommon trap: trap_request=0xffffffbe fr.pc=0x000002a4e41cbcf8 relative=0x0000000000000578
Event: 20.678 Thread 0x000002a4faf014b0 Uncommon trap: reason=profile_predicate action=maybe_recompile pc=0x000002a4e41cbcf8 method=com.sun.org.apache.xerces.internal.dom.NamedNodeMapImpl.findNamePoint(Ljava/lang/String;Ljava/lang/String;)I @ 31 c2
Event: 20.678 Thread 0x000002a4faf014b0 DEOPT PACKING pc=0x000002a4e41cbcf8 sp=0x000000c1202fa070
Event: 20.678 Thread 0x000002a4faf014b0 DEOPT UNPACKING pc=0x000002a4e34646a2 sp=0x000000c1202fa020 mode 2
Event: 20.678 Thread 0x000002a4faf014b0 Uncommon trap: trap_request=0xffffff45 fr.pc=0x000002a4e415973c relative=0x00000000000005fc
Event: 20.678 Thread 0x000002a4faf014b0 Uncommon trap: reason=unstable_if action=reinterpret pc=0x000002a4e415973c method=com.sun.org.apache.xerces.internal.utils.XMLLimitAnalyzer.addValue(ILjava/lang/String;I)V @ 102 c2
Event: 20.678 Thread 0x000002a4faf014b0 DEOPT PACKING pc=0x000002a4e415973c sp=0x000000c1202fa0e0
Event: 20.678 Thread 0x000002a4faf014b0 DEOPT UNPACKING pc=0x000002a4e34646a2 sp=0x000000c1202fa0a0 mode 2

Classes loaded (20 events):
Event: 19.622 Loading class java/util/stream/Node$Builder$OfInt done
Event: 19.622 Loading class java/util/stream/Nodes$IntArrayNode
Event: 19.622 Loading class java/util/stream/Nodes$IntArrayNode done
Event: 19.622 Loading class java/util/stream/Nodes$IntFixedNodeBuilder done
Event: 19.834 Loading class java/nio/file/Files$2
Event: 19.834 Loading class java/nio/file/Files$2 done
Event: 19.939 Loading class org/xml/sax/ext/DefaultHandler2
Event: 19.939 Loading class org/xml/sax/ext/LexicalHandler
Event: 19.939 Loading class org/xml/sax/ext/LexicalHandler done
Event: 19.939 Loading class org/xml/sax/ext/DeclHandler
Event: 19.939 Loading class org/xml/sax/ext/DeclHandler done
Event: 19.939 Loading class org/xml/sax/ext/DefaultHandler2 done
Event: 19.947 Loading class com/sun/org/apache/xerces/internal/dom/ParentNode$UserDataRecord
Event: 19.947 Loading class com/sun/org/apache/xerces/internal/dom/ParentNode$UserDataRecord done
Event: 19.948 Loading class com/sun/org/apache/xerces/internal/util/EntityResolver2Wrapper
Event: 19.948 Loading class com/sun/org/apache/xerces/internal/util/EntityResolver2Wrapper done
Event: 19.958 Loading class com/sun/org/apache/xerces/internal/dom/CommentImpl
Event: 19.958 Loading class org/w3c/dom/Comment
Event: 19.958 Loading class org/w3c/dom/Comment done
Event: 19.958 Loading class com/sun/org/apache/xerces/internal/dom/CommentImpl done

Classes unloaded (0 events):
No events

Classes redefined (0 events):
No events

Internal exceptions (20 events):
Event: 19.904 Thread 0x000002a4faf014b0 Exception <a 'sun/nio/fs/WindowsException'{0x000000008e319ba0}> (0x000000008e319ba0) 
thrown [s\src\hotspot\share\prims\jni.cpp, line 537]
Event: 19.904 Thread 0x000002a4faf014b0 Exception <a 'sun/nio/fs/WindowsException'{0x000000008e31b070}> (0x000000008e31b070) 
thrown [s\src\hotspot\share\prims\jni.cpp, line 537]
Event: 19.905 Thread 0x000002a4faf014b0 Exception <a 'sun/nio/fs/WindowsException'{0x000000008e31c540}> (0x000000008e31c540) 
thrown [s\src\hotspot\share\prims\jni.cpp, line 537]
Event: 19.905 Thread 0x000002a4faf014b0 Exception <a 'sun/nio/fs/WindowsException'{0x000000008e31da78}> (0x000000008e31da78) 
thrown [s\src\hotspot\share\prims\jni.cpp, line 537]
Event: 19.906 Thread 0x000002a4faf014b0 Exception <a 'sun/nio/fs/WindowsException'{0x000000008e31efb0}> (0x000000008e31efb0) 
thrown [s\src\hotspot\share\prims\jni.cpp, line 537]
Event: 19.907 Thread 0x000002a4faf014b0 Exception <a 'sun/nio/fs/WindowsException'{0x000000008e3204e8}> (0x000000008e3204e8) 
thrown [s\src\hotspot\share\prims\jni.cpp, line 537]
Event: 19.907 Thread 0x000002a4faf014b0 Exception <a 'sun/nio/fs/WindowsException'{0x000000008e321a20}> (0x000000008e321a20) 
thrown [s\src\hotspot\share\prims\jni.cpp, line 537]
Event: 19.907 Thread 0x000002a4faf014b0 Exception <a 'sun/nio/fs/WindowsException'{0x000000008e322f30}> (0x000000008e322f30) 
thrown [s\src\hotspot\share\prims\jni.cpp, line 537]
Event: 19.908 Thread 0x000002a4faf014b0 Exception <a 'sun/nio/fs/WindowsException'{0x000000008e324440}> (0x000000008e324440) 
thrown [s\src\hotspot\share\prims\jni.cpp, line 537]
Event: 19.909 Thread 0x000002a4faf014b0 Exception <a 'sun/nio/fs/WindowsException'{0x000000008e325950}> (0x000000008e325950) 
thrown [s\src\hotspot\share\prims\jni.cpp, line 537]
Event: 19.909 Thread 0x000002a4faf014b0 Exception <a 'sun/nio/fs/WindowsException'{0x000000008e326e48}> (0x000000008e326e48) 
thrown [s\src\hotspot\share\prims\jni.cpp, line 537]
Event: 19.910 Thread 0x000002a4faf014b0 Exception <a 'sun/nio/fs/WindowsException'{0x000000008e328340}> (0x000000008e328340) 
thrown [s\src\hotspot\share\prims\jni.cpp, line 537]
Event: 19.911 Thread 0x000002a4faf014b0 Exception <a 'sun/nio/fs/WindowsException'{0x000000008e329838}> (0x000000008e329838) 
thrown [s\src\hotspot\share\prims\jni.cpp, line 537]
Event: 19.912 Thread 0x000002a4faf014b0 Exception <a 'sun/nio/fs/WindowsException'{0x000000008e32ad08}> (0x000000008e32ad08) 
thrown [s\src\hotspot\share\prims\jni.cpp, line 537]
Event: 19.914 Thread 0x000002a4faf014b0 Exception <a 'sun/nio/fs/WindowsException'{0x000000008e32c1c0}> (0x000000008e32c1c0) 
thrown [s\src\hotspot\share\prims\jni.cpp, line 537]
Event: 19.914 Thread 0x000002a4faf014b0 Exception <a 'sun/nio/fs/WindowsException'{0x000000008e32d350}> (0x000000008e32d350) 
thrown [s\src\hotspot\share\prims\jni.cpp, line 537]
Event: 19.915 Thread 0x000002a4faf014b0 Exception <a 'sun/nio/fs/WindowsException'{0x000000008e32f520}> (0x000000008e32f520) 
thrown [s\src\hotspot\share\prims\jni.cpp, line 537]
Event: 19.916 Thread 0x000002a4faf014b0 Exception <a 'sun/nio/fs/WindowsException'{0x000000008e330a30}> (0x000000008e330a30) 
thrown [s\src\hotspot\share\prims\jni.cpp, line 537]
Event: 19.916 Thread 0x000002a4faf014b0 Exception <a 'sun/nio/fs/WindowsException'{0x000000008e331b28}> (0x000000008e331b28) 
thrown [s\src\hotspot\share\prims\jni.cpp, line 537]
Event: 20.678 Thread 0x000002a4faf014b0 Implicit null exception at 0x000002a4e415922d to 0x000002a4e4159730

ZGC Phase Switch (0 events):
No events

VM Operations (20 events):
Event: 19.005 Executing VM operation: G1PauseCleanup
Event: 19.006 Executing VM operation: G1PauseCleanup done
Event: 19.283 Executing VM operation: ICBufferFull
Event: 19.283 Executing VM operation: ICBufferFull done
Event: 19.400 Executing VM operation: HandshakeAllThreads (Deoptimize)
Event: 19.400 Executing VM operation: HandshakeAllThreads (Deoptimize) done
Event: 19.402 Executing VM operation: HandshakeAllThreads (Deoptimize)
Event: 19.402 Executing VM operation: HandshakeAllThreads (Deoptimize) done
Event: 19.600 Executing VM operation: G1CollectForAllocation (G1 Evacuation Pause)
Event: 19.611 Executing VM operation: G1CollectForAllocation (G1 Evacuation Pause) done
Event: 19.628 Executing VM operation: HandshakeAllThreads (Deoptimize)
Event: 19.628 Executing VM operation: HandshakeAllThreads (Deoptimize) done
Event: 19.960 Executing VM operation: HandshakeAllThreads (Deoptimize)
Event: 19.960 Executing VM operation: HandshakeAllThreads (Deoptimize) done
Event: 20.069 Executing VM operation: ICBufferFull
Event: 20.069 Executing VM operation: ICBufferFull done
Event: 20.633 Executing VM operation: G1CollectForAllocation (G1 Evacuation Pause)
Event: 20.644 Executing VM operation: G1CollectForAllocation (G1 Evacuation Pause) done
Event: 20.661 Executing VM operation: G1TryInitiateConcMark (G1 Humongous Allocation)
Event: 20.666 Executing VM operation: G1TryInitiateConcMark (G1 Humongous Allocation) done

Memory protections (0 events):
No events

Nmethod flushes (20 events):
Event: 18.966 Thread 0x000002a4f060c430 flushing  nmethod 0x000002a4dc2da710
Event: 18.966 Thread 0x000002a4f060c430 flushing  nmethod 0x000002a4dc31ed10
Event: 18.966 Thread 0x000002a4f060c430 flushing  nmethod 0x000002a4dc3bcc10
Event: 18.966 Thread 0x000002a4f060c430 flushing  nmethod 0x000002a4dc420b90
Event: 18.966 Thread 0x000002a4f060c430 flushing  nmethod 0x000002a4dc423310
Event: 18.966 Thread 0x000002a4f060c430 flushing  nmethod 0x000002a4dc4fbb10
Event: 18.966 Thread 0x000002a4f060c430 flushing  nmethod 0x000002a4dc521490
Event: 18.966 Thread 0x000002a4f060c430 flushing  nmethod 0x000002a4dc526c90
Event: 18.966 Thread 0x000002a4f060c430 flushing  nmethod 0x000002a4dc527090
Event: 18.966 Thread 0x000002a4f060c430 flushing  nmethod 0x000002a4dc5f5810
Event: 18.966 Thread 0x000002a4f060c430 flushing  nmethod 0x000002a4dc64b690
Event: 18.966 Thread 0x000002a4f060c430 flushing  nmethod 0x000002a4dc64cf90
Event: 18.966 Thread 0x000002a4f060c430 flushing  nmethod 0x000002a4dc680410
Event: 18.966 Thread 0x000002a4f060c430 flushing  nmethod 0x000002a4dc683f10
Event: 18.966 Thread 0x000002a4f060c430 flushing  nmethod 0x000002a4dc6bcc10
Event: 18.966 Thread 0x000002a4f060c430 flushing  nmethod 0x000002a4dc864b90
Event: 18.966 Thread 0x000002a4f060c430 flushing  nmethod 0x000002a4dcd11b90
Event: 18.966 Thread 0x000002a4f060c430 flushing  nmethod 0x000002a4dcd13e10
Event: 18.966 Thread 0x000002a4f060c430 flushing  nmethod 0x000002a4dd089910
Event: 18.966 Thread 0x000002a4f060c430 flushing  nmethod 0x000002a4dd089f90

Events (20 events):
Event: 18.030 Thread 0x000002a4faf04930 Thread added: 0x000002a4faf05650
Event: 18.030 Thread 0x000002a4faf04930 Thread added: 0x000002a4faeff3e0
Event: 18.030 Thread 0x000002a4faf04930 Thread added: 0x000002a4fade6110
Event: 18.031 Thread 0x000002a4faf04930 Thread added: 0x000002a4faddf810
Event: 18.707 Thread 0x000002a4faf04930 Thread added: 0x000002a4faddf180
Event: 18.709 Thread 0x000002a4faf04930 Thread added: 0x000002a4fade53f0
Event: 18.713 Thread 0x000002a4faf04930 Thread added: 0x000002a4fade1250
Event: 18.715 Thread 0x000002a4faf04930 Thread added: 0x000002a4fade0530
Event: 18.719 Thread 0x000002a4faf04930 Thread added: 0x000002a4fade2c90
Event: 18.732 Thread 0x000002a4faf04930 Thread added: 0x000002a4fade39b0
Event: 18.735 Thread 0x000002a4faf04930 Thread added: 0x000002a4fade46d0
Event: 19.058 Thread 0x000002a4faf014b0 Thread added: 0x000002a4f8bc25a0
Event: 19.058 Thread 0x000002a4faf014b0 Thread added: 0x000002a4f8bc4d00
Event: 19.059 Thread 0x000002a4faf014b0 Thread added: 0x000002a4f8bc0b60
Event: 19.060 Thread 0x000002a4faf014b0 Thread added: 0x000002a4f8bc60b0
Event: 19.061 Thread 0x000002a4faf014b0 Thread added: 0x000002a4f8bc5390
Event: 19.062 Thread 0x000002a4faf014b0 Thread added: 0x000002a4f8bc3950
Event: 19.063 Thread 0x000002a4faf014b0 Thread added: 0x000002a4f8bc5a20
Event: 19.940 Thread 0x000002a4f8ff44c0 Thread exited: 0x000002a4f8ff44c0
Event: 19.996 Thread 0x000002a4f06cee80 Thread added: 0x000002a4f8ff44c0


Dynamic libraries:
0x00007ff699610000 - 0x00007ff69961a000 	C:\Program Files\Android\Android Studio\jbr\bin\java.exe
0x00007ff8c7770000 - 0x00007ff8c7988000 	C:\WINDOWS\SYSTEM32\ntdll.dll
0x00007ff8c5f60000 - 0x00007ff8c6024000 	C:\WINDOWS\System32\KERNEL32.DLL
0x00007ff8c5030000 - 0x00007ff8c5403000 	C:\WINDOWS\System32\KERNELBASE.dll
0x00007ff8c4a20000 - 0x00007ff8c4b31000 	C:\WINDOWS\System32\ucrtbase.dll
0x00007ff8b18d0000 - 0x00007ff8b18eb000 	C:\Program Files\Android\Android Studio\jbr\bin\VCRUNTIME140.dll
0x00007ff8c01a0000 - 0x00007ff8c01b8000 	C:\Program Files\Android\Android Studio\jbr\bin\jli.dll
0x00007ff8c60a0000 - 0x00007ff8c6252000 	C:\WINDOWS\System32\USER32.dll
0x00007ff8c4f50000 - 0x00007ff8c4f76000 	C:\WINDOWS\System32\win32u.dll
0x00007ff8a96f0000 - 0x00007ff8a998c000 	C:\WINDOWS\WinSxS\amd64_microsoft.windows.common-controls_6595b64144ccf1df_6.0.22621.6060_none_2712eda17382d24b\COMCTL32.dll
0x00007ff8c6a40000 - 0x00007ff8c6a69000 	C:\WINDOWS\System32\GDI32.dll
0x00007ff8c5df0000 - 0x00007ff8c5e97000 	C:\WINDOWS\System32\msvcrt.dll
0x00007ff8c4880000 - 0x00007ff8c499b000 	C:\WINDOWS\System32\gdi32full.dll
0x00007ff8c4b40000 - 0x00007ff8c4bda000 	C:\WINDOWS\System32\msvcp_win.dll
0x00007ff8c6840000 - 0x00007ff8c6871000 	C:\WINDOWS\System32\IMM32.DLL
0x00007ff8c0fe0000 - 0x00007ff8c0fec000 	C:\Program Files\Android\Android Studio\jbr\bin\vcruntime140_1.dll
0x00007ff86bc20000 - 0x00007ff86bcad000 	C:\Program Files\Android\Android Studio\jbr\bin\msvcp140.dll
0x00007ff887710000 - 0x00007ff88839e000 	C:\Program Files\Android\Android Studio\jbr\bin\server\jvm.dll
0x00007ff8c5d30000 - 0x00007ff8c5de1000 	C:\WINDOWS\System32\ADVAPI32.dll
0x00007ff8c5ea0000 - 0x00007ff8c5f48000 	C:\WINDOWS\System32\sechost.dll
0x00007ff8c4f80000 - 0x00007ff8c4fa8000 	C:\WINDOWS\System32\bcrypt.dll
0x00007ff8c5410000 - 0x00007ff8c5528000 	C:\WINDOWS\System32\RPCRT4.dll
0x00007ff8c6770000 - 0x00007ff8c67e1000 	C:\WINDOWS\System32\WS2_32.dll
0x00007ff8bffd0000 - 0x00007ff8c0004000 	C:\WINDOWS\SYSTEM32\WINMM.dll
0x00007ff8c4100000 - 0x00007ff8c414d000 	C:\WINDOWS\SYSTEM32\POWRPROF.dll
0x00007ff8bc390000 - 0x00007ff8bc39a000 	C:\WINDOWS\SYSTEM32\VERSION.dll
0x00007ff8c40e0000 - 0x00007ff8c40f3000 	C:\WINDOWS\SYSTEM32\UMPDC.dll
0x00007ff8c3860000 - 0x00007ff8c3878000 	C:\WINDOWS\SYSTEM32\kernel.appcore.dll
0x00007ff8c0110000 - 0x00007ff8c011a000 	C:\Program Files\Android\Android Studio\jbr\bin\jimage.dll
0x00007ff8b8280000 - 0x00007ff8b84b3000 	C:\WINDOWS\SYSTEM32\DBGHELP.DLL
0x00007ff8c63d0000 - 0x00007ff8c6761000 	C:\WINDOWS\System32\combase.dll
0x00007ff8c6a80000 - 0x00007ff8c6b58000 	C:\WINDOWS\System32\OLEAUT32.dll
0x00007ff8ab050000 - 0x00007ff8ab082000 	C:\WINDOWS\SYSTEM32\dbgcore.DLL
0x00007ff8c4fb0000 - 0x00007ff8c502b000 	C:\WINDOWS\System32\bcryptPrimitives.dll
0x00007ff8c0120000 - 0x00007ff8c012e000 	C:\Program Files\Android\Android Studio\jbr\bin\instrument.dll
0x00007ff8af070000 - 0x00007ff8af090000 	C:\Program Files\Android\Android Studio\jbr\bin\java.dll
0x00007ff8af050000 - 0x00007ff8af068000 	C:\Program Files\Android\Android Studio\jbr\bin\zip.dll
0x00007ff8c6bb0000 - 0x00007ff8c744c000 	C:\WINDOWS\System32\SHELL32.dll
0x00007ff8c4be0000 - 0x00007ff8c4d1f000 	C:\WINDOWS\System32\wintypes.dll
0x00007ff8c2780000 - 0x00007ff8c309a000 	C:\WINDOWS\SYSTEM32\windows.storage.dll
0x00007ff8c75b0000 - 0x00007ff8c76b4000 	C:\WINDOWS\System32\SHCORE.dll
0x00007ff8c6030000 - 0x00007ff8c6099000 	C:\WINDOWS\System32\shlwapi.dll
0x00007ff8c47b0000 - 0x00007ff8c47d5000 	C:\WINDOWS\SYSTEM32\profapi.dll
0x00007ff8c00a0000 - 0x00007ff8c00b0000 	C:\Program Files\Android\Android Studio\jbr\bin\net.dll
0x00007ff8c1710000 - 0x00007ff8c183c000 	C:\WINDOWS\SYSTEM32\WINHTTP.dll
0x00007ff8c3db0000 - 0x00007ff8c3e19000 	C:\WINDOWS\system32\mswsock.dll
0x00007ff8ae610000 - 0x00007ff8ae626000 	C:\Program Files\Android\Android Studio\jbr\bin\nio.dll
0x00007ff8ae370000 - 0x00007ff8ae380000 	C:\Program Files\Android\Android Studio\jbr\bin\verify.dll
0x00007ff8c01d0000 - 0x00007ff8c01f7000 	C:\Users\bafc13\.gradle\native\1def1411415f61bf3af743bc5b6707747c0891f09f0c88961ee8f79bc544acac\windows-amd64\native-platform.dll
0x00007ff86bba0000 - 0x00007ff86bc18000 	C:\Users\bafc13\.gradle\native\0.2.7\x86_64-windows-gnu\gradle-fileevents.dll
0x00007ff8ae5a0000 - 0x00007ff8ae5a9000 	C:\Program Files\Android\Android Studio\jbr\bin\management.dll
0x00007ff8ae590000 - 0x00007ff8ae59b000 	C:\Program Files\Android\Android Studio\jbr\bin\management_ext.dll
0x00007ff8c6a70000 - 0x00007ff8c6a78000 	C:\WINDOWS\System32\PSAPI.DLL
0x00007ff8c3300000 - 0x00007ff8c332d000 	C:\WINDOWS\SYSTEM32\IPHLPAPI.DLL
0x00007ff8c67f0000 - 0x00007ff8c67f9000 	C:\WINDOWS\System32\NSI.dll
0x00007ff8ae5b0000 - 0x00007ff8ae5b9000 	C:\Program Files\Android\Android Studio\jbr\bin\extnet.dll
0x00007ff8c4000000 - 0x00007ff8c401b000 	C:\WINDOWS\SYSTEM32\CRYPTSP.dll
0x00007ff8c37c0000 - 0x00007ff8c37f7000 	C:\WINDOWS\system32\rsaenh.dll
0x00007ff8c3ea0000 - 0x00007ff8c3ec8000 	C:\WINDOWS\SYSTEM32\USERENV.dll
0x00007ff8c4020000 - 0x00007ff8c402c000 	C:\WINDOWS\SYSTEM32\CRYPTBASE.dll
0x00007ff8af040000 - 0x00007ff8af048000 	C:\WINDOWS\system32\wshunix.dll
0x00007ff895250000 - 0x00007ff895267000 	C:\WINDOWS\system32\napinsp.dll
0x00007ff8a1260000 - 0x00007ff8a127b000 	C:\WINDOWS\system32\pnrpnsp.dll
0x00007ff8c3330000 - 0x00007ff8c3428000 	C:\WINDOWS\SYSTEM32\DNSAPI.dll
0x00007ff895230000 - 0x00007ff895241000 	C:\WINDOWS\System32\winrnr.dll
0x00007ff897780000 - 0x00007ff897795000 	C:\WINDOWS\system32\wshbth.dll
0x00007ff895200000 - 0x00007ff895221000 	C:\WINDOWS\system32\nlansp_c.dll
0x00007ff8c1020000 - 0x00007ff8c102a000 	C:\Windows\System32\rasadhlp.dll
0x00007ff8c09f0000 - 0x00007ff8c0a74000 	C:\WINDOWS\System32\fwpuclnt.dll

dbghelp: loaded successfully - version: 4.0.5 - missing functions: none
symbol engine: initialized successfully - sym options: 0x614 - pdb path: .;C:\Program Files\Android\Android Studio\jbr\bin;C:\WINDOWS\SYSTEM32;C:\WINDOWS\WinSxS\amd64_microsoft.windows.common-controls_6595b64144ccf1df_6.0.22621.6060_none_2712eda17382d24b;C:\Program Files\Android\Android Studio\jbr\bin\server;C:\Users\bafc13\.gradle\native\1def1411415f61bf3af743bc5b6707747c0891f09f0c88961ee8f79bc544acac\windows-amd64;C:\Users\bafc13\.gradle\native\0.2.7\x86_64-windows-gnu

VM Arguments:
jvm_args: --add-opens=java.base/java.lang=ALL-UNNAMED --add-opens=java.base/java.lang.invoke=ALL-UNNAMED --add-opens=java.base/java.util=ALL-UNNAMED --add-opens=java.prefs/java.util.prefs=ALL-UNNAMED --add-exports=jdk.compiler/com.sun.tools.javac.api=ALL-UNNAMED --add-exports=jdk.compiler/com.sun.tools.javac.util=ALL-UNNAMED --add-opens=java.base/java.util=ALL-UNNAMED --add-opens=java.prefs/java.util.prefs=ALL-UNNAMED --add-opens=java.base/java.nio.charset=ALL-UNNAMED --add-opens=java.base/java.net=ALL-UNNAMED --add-opens=java.base/java.util.concurrent.atomic=ALL-UNNAMED --add-opens=java.xml/javax.xml.namespace=ALL-UNNAMED -Xmx2048m -Dfile.encoding=UTF-8 -Duser.country=RU -Duser.language=ru -Duser.variant -javaagent:C:\Users\bafc13\.gradle\wrapper\dists\gradle-8.13-bin\5xuhj0ry160q40clulazy9h7d\gradle-8.13\lib\agents\gradle-instrumentation-agent-8.13.jar 
java_command: org.gradle.launcher.daemon.bootstrap.GradleDaemon 8.13
java_class_path (initial): C:\Users\bafc13\.gradle\wrapper\dists\gradle-8.13-bin\5xuhj0ry160q40clulazy9h7d\gradle-8.13\lib\gradle-daemon-main-8.13.jar
Launcher Type: SUN_STANDARD

[Global flags]
     intx CICompilerCount                          = 4                                         {product} {ergonomic}
     uint ConcGCThreads                            = 2                                         {product} {ergonomic}
     uint G1ConcRefinementThreads                  = 8                                         {product} {ergonomic}
   size_t G1HeapRegionSize                         = 1048576                                   {product} {ergonomic}
    uintx GCDrainStackTargetSize                   = 64                                        {product} {ergonomic}
   size_t InitialHeapSize                          = 257949696                                 {product} {ergonomic}
   size_t MarkStackSize                            = 4194304                                   {product} {ergonomic}
   size_t MaxHeapSize                              = 2147483648                                {product} {command line}
   size_t MaxNewSize                               = 1287651328                                {product} {ergonomic}
   size_t MinHeapDeltaBytes                        = 1048576                                   {product} {ergonomic}
   size_t MinHeapSize                              = 8388608                                   {product} {ergonomic}
    uintx NonNMethodCodeHeapSize                   = 5839372                                {pd product} {ergonomic}
    uintx NonProfiledCodeHeapSize                  = 122909434                              {pd product} {ergonomic}
    uintx ProfiledCodeHeapSize                     = 122909434                              {pd product} {ergonomic}
    uintx ReservedCodeCacheSize                    = 251658240                              {pd product} {ergonomic}
     bool SegmentedCodeCache                       = true                                      {product} {ergonomic}
   size_t SoftMaxHeapSize                          = 2147483648                             {manageable} {ergonomic}
     bool UseCompressedOops                        = true                           {product lp64_product} {ergonomic}
     bool UseG1GC                                  = true                                      {product} {ergonomic}
     bool UseLargePagesIndividualAllocation        = false                                  {pd product} {ergonomic}

Logging:
Log output configuration:
 #0: stdout all=warning uptime,level,tags foldmultilines=false
 #1: stderr all=off uptime,level,tags foldmultilines=false

Environment Variables:
PATH=C:\Program Files\Common Files\Oracle\Java\javapath;C:\Program Files (x86)\Common Files\Oracle\Java\java8path;C:\Program Files (x86)\Common Files\Oracle\Java\javapath;C:\Program Files (x86)\NVIDIA Corporation\PhysX\Common;C:\WINDOWS\system32;C:\WINDOWS;C:\WINDOWS\System32\Wbem;C:\WINDOWS\System32\WindowsPowerShell\v1.0\;C:\WINDOWS\System32\OpenSSH\;C:\Program Files (x86)\dotnet\;C:\Program Files\Git\cmd;C:\Program Files\PowerShell\7\;C:\Program Files\dotnet\;C:\Program Files\PostgresPro\12\bin;C:\Program Files\Microsoft SQL Server\150\Tools\Binn\;C:\Program Files\Microsoft SQL Server\Client SDK\ODBC\170\Tools\Binn\;C:\mingw64\bin;C:\Program Files (x86)\GnuWin32\bin;C:\GnuWin32Bison\bin;C:\Users\bafc13\Desktop\apps\micro.exe;C:\Program Files\Redis\redis-server.exe;C:\Program Files\Redis\redis-cli.exe;C:\Program Files\PowerShell\7-preview\preview;C:\OSPanel\bin;C:\Users\bafc13\AppData\Local\Programs\Python\Launcher\;C:\Users\bafc13\AppData\Local\Microsoft\WindowsApps;C:\Users\bafc13\AppData\Local\JetBrains\Toolbox\scripts;C:\Users\bafc13\AppData\Local\Microsoft\WindowsApps;C:\Users\bafc13\AppData\Local\atom\bin;C:\Users\bafc13\.dotnet\tools;C:\NextGIS;C:\Users\bafc13\AppData\Local\Programs\Microsoft VS Code\bin;C:\Users\bafc13\AppData\Local\PowerToys\DSCModules\
USERNAME=bafc13
OS=Windows_NT
PROCESSOR_IDENTIFIER=AMD64 Family 23 Model 104 Stepping 1, AuthenticAMD
TMP=C:\Users\bafc13\AppData\Local\Temp
TEMP=C:\Users\bafc13\AppData\Local\Temp




Periodic native trim disabled

JNI global refs:
JNI global refs: 29, weak refs: 1

JNI global refs memory usage: 835, weak refs: 833

Process memory usage:
Resident Set Size: 559956K (3% of 16070768K total physical memory with 1404616K free physical memory)

OOME stack traces (most recent first):
Classloader memory used:
Loader org.gradle.internal.classloader.VisitableURLClassLoader                         : 44628K
Loader org.gradle.internal.classloader.VisitableURLClassLoader$InstrumentingVisitableURLClassLoader: 31648K
Loader bootstrap                                                                       : 30403K
Loader org.gradle.initialization.MixInLegacyTypesClassLoader                           : 13042K
Loader jdk.internal.loader.ClassLoaders$PlatformClassLoader                            : 552K
Loader jdk.internal.reflect.DelegatingClassLoader                                      : 378K
Loader jdk.internal.loader.ClassLoaders$AppClassLoader                                 : 235K
Loader org.gradle.internal.classloader.VisitableURLClassLoader                         : 177K
Loader org.gradle.groovy.scripts.internal.DefaultScriptCompilationHandler$ScriptClassLoader: 133K
Loader org.codehaus.groovy.runtime.callsite.CallSiteClassLoader                        : 27360B

Classes loaded by more than one classloader:
Class Program                                                                         : loaded 5 times (x 70B)
Class Build_gradle                                                                    : loaded 3 times (x 128B)
Class Build_gradle$1                                                                  : loaded 3 times (x 73B)
Class org.gradle.internal.classloader.FilteringClassLoader                            : loaded 2 times (x 103B)
Class [Lcom.google.common.base.AbstractIterator$State;                                : loaded 2 times (x 67B)
Class com.google.common.base.CharMatcher$IsEither                                     : loaded 2 times (x 109B)
Class org.gradle.internal.classloader.ClassLoaderHierarchy                            : loaded 2 times (x 68B)
Class com.google.common.collect.AbstractMapBasedMultimap$WrappedCollection            : loaded 2 times (x 122B)
Class com.google.common.collect.ImmutableEnumSet                                      : loaded 2 times (x 144B)
Class com.google.common.util.concurrent.ExecutionError                                : loaded 2 times (x 80B)
Class com.google.common.collect.ImmutableList$1                                       : loaded 2 times (x 95B)
Class org.gradle.api.internal.classpath.ManifestUtil                                  : loaded 2 times (x 69B)
Class com.google.common.collect.RegularImmutableMap                                   : loaded 2 times (x 119B)
Class com.google.common.collect.ImmutableMap$MapViewOfValuesAsSingletonSets           : loaded 2 times (x 124B)
Class [Lorg.objectweb.asm.Symbol;                                                     : loaded 2 times (x 67B)
Class org.objectweb.asm.ClassVisitor                                                  : loaded 2 times (x 86B)
Class com.google.common.collect.UnmodifiableListIterator                              : loaded 2 times (x 93B)
Class com.google.common.base.Platform$JdkPatternCompiler                              : loaded 2 times (x 73B)
Class org.objectweb.asm.MethodTooLargeException                                       : loaded 2 times (x 81B)
Class [Lcom.google.common.cache.CacheBuilder$OneWeigher;                              : loaded 2 times (x 67B)
Class com.google.common.base.Suppliers                                                : loaded 2 times (x 69B)
Class org.gradle.internal.classloader.DefaultClassLoaderFactory                       : loaded 2 times (x 80B)
Class com.google.common.base.CharMatcher$None                                         : loaded 2 times (x 110B)
Class org.gradle.internal.classloader.ClassLoaderVisitor                              : loaded 2 times (x 74B)
Class [Lcom.google.common.collect.ImmutableMapEntry;                                  : loaded 2 times (x 67B)
Class org.gradle.api.internal.classpath.EffectiveClassPath                            : loaded 2 times (x 88B)
Class [Lorg.apache.commons.io.StandardLineSeparator;                                  : loaded 2 times (x 67B)
Class org.apache.commons.io.output.StringBuilderWriter                                : loaded 2 times (x 98B)
Class com.google.common.collect.ImmutableRangeSet                                     : loaded 2 times (x 113B)
Class com.google.common.collect.ListMultimap                                          : loaded 2 times (x 68B)
Class com.google.common.collect.ImmutableEnumMap                                      : loaded 2 times (x 124B)
Class com.google.common.base.Splitter                                                 : loaded 2 times (x 70B)
Class com.google.common.collect.Sets$1                                                : loaded 2 times (x 137B)
Class org.objectweb.asm.AnnotationVisitor                                             : loaded 2 times (x 76B)
Class org.gradle.api.internal.DefaultClassPathProvider                                : loaded 2 times (x 74B)
Class com.google.common.collect.Maps$ViewCachingAbstractMap                           : loaded 2 times (x 123B)
Class com.google.common.collect.Sets$2                                                : loaded 2 times (x 137B)
Class [Lorg.gradle.api.internal.ClassPathProvider;                                    : loaded 2 times (x 67B)
Class org.gradle.api.internal.ClassPathProvider                                       : loaded 2 times (x 68B)
Class com.google.common.base.AbstractIterator$State                                   : loaded 2 times (x 77B)
Class [Lorg.objectweb.asm.AnnotationVisitor;                                          : loaded 2 times (x 67B)
Class com.google.common.collect.Sets$3                                                : loaded 2 times (x 137B)
Class com.google.common.util.concurrent.AbstractFuture$SafeAtomicHelper               : loaded 2 times (x 77B)
Class com.google.common.cache.LocalCache$LocalLoadingCache                            : loaded 2 times (x 132B)
Class org.gradle.internal.service.UnknownServiceException                             : loaded 2 times (x 81B)
Class com.google.common.collect.Sets$4                                                : loaded 2 times (x 137B)
Class org.objectweb.asm.ModuleVisitor                                                 : loaded 2 times (x 79B)
Class com.google.common.cache.LocalCache$Strength$1                                   : loaded 2 times (x 79B)
Class org.apache.commons.io.output.QueueOutputStream                                  : loaded 2 times (x 85B)
Class com.google.common.util.concurrent.SettableFuture                                : loaded 2 times (x 112B)
Class com.google.common.cache.LocalCache$Strength$2                                   : loaded 2 times (x 79B)
Class com.google.common.collect.TransformedIterator                                   : loaded 2 times (x 78B)
Class com.google.common.base.Splitter$1                                               : loaded 2 times (x 75B)
Class com.google.common.cache.LocalCache$Strength$3                                   : loaded 2 times (x 79B)
Class com.google.common.collect.MapDifference                                         : loaded 2 times (x 68B)
Class org.objectweb.asm.FieldWriter                                                   : loaded 2 times (x 76B)
Class com.google.common.cache.CacheBuilder$NullListener                               : loaded 2 times (x 80B)
Class org.gradle.internal.classpath.TransformedClassPath                              : loaded 2 times (x 94B)
Class org.gradle.internal.classloader.InstrumentingClassLoader                        : loaded 2 times (x 68B)
Class org.apache.commons.io.output.UnsynchronizedByteArrayOutputStream                : loaded 2 times (x 100B)
Class com.google.common.collect.ImmutableRangeSet$AsSet                               : loaded 2 times (x 298B)
Class com.google.common.cache.CacheLoader$FunctionToCacheLoader                       : loaded 2 times (x 73B)
Class com.google.common.collect.Iterators$ArrayItr                                    : loaded 2 times (x 95B)
Class com.google.common.collect.ImmutableCollection$Builder                           : loaded 2 times (x 74B)
Class org.apache.commons.io.output.ByteArrayOutputStream                              : loaded 2 times (x 100B)
Class com.google.common.base.Joiner                                                   : loaded 2 times (x 77B)
Class com.google.common.base.MoreObjects                                              : loaded 2 times (x 69B)
Class com.google.common.collect.Platform                                              : loaded 2 times (x 69B)
Class [Lorg.objectweb.asm.Type;                                                       : loaded 2 times (x 67B)
Class com.google.common.collect.UnmodifiableIterator                                  : loaded 2 times (x 78B)
Class org.gradle.internal.service.ServiceLocator                                      : loaded 2 times (x 68B)
Class com.google.common.base.Ascii                                                    : loaded 2 times (x 69B)
Class com.google.common.collect.SingletonImmutableBiMap                               : loaded 2 times (x 141B)
Class com.google.common.cache.LocalCache$1                                            : loaded 2 times (x 87B)
Class com.google.common.collect.AbstractMapEntry                                      : loaded 2 times (x 79B)
Class com.google.common.collect.Sets$ImprovedAbstractSet                              : loaded 2 times (x 133B)
Class com.google.common.collect.ImmutableList$Builder                                 : loaded 2 times (x 75B)
Class com.google.common.collect.AbstractMultimap                                      : loaded 2 times (x 121B)
Class com.google.common.cache.LocalCache$2                                            : loaded 2 times (x 140B)
Class com.google.common.collect.ImmutableRangeSet$1                                   : loaded 2 times (x 208B)
Class com.google.common.util.concurrent.AbstractFuture$UnsafeAtomicHelper$1           : loaded 2 times (x 74B)
Class com.google.common.collect.RegularImmutableAsList                                : loaded 2 times (x 215B)
Class com.google.common.collect.Range                                                 : loaded 2 times (x 85B)
Class com.google.common.util.concurrent.AbstractFuture$Trusted                        : loaded 2 times (x 68B)
Class com.google.common.collect.Iterators                                             : loaded 2 times (x 69B)
Class com.google.common.collect.Lists$StringAsImmutableList                           : loaded 2 times (x 205B)
Class com.google.common.util.concurrent.UncheckedExecutionException                   : loaded 2 times (x 80B)
Class org.gradle.kotlin.dsl.VersionCatalogAccessorsKt                                 : loaded 2 times (x 69B)
Class org.gradle.internal.InternalTransformer                                         : loaded 2 times (x 68B)
Class com.google.common.collect.AbstractMapBasedMultimap$KeySet$1                     : loaded 2 times (x 80B)
Class org.objectweb.asm.ClassWriter                                                   : loaded 2 times (x 104B)
Class com.google.common.cache.CacheLoader$UnsupportedLoadingOperationException        : loaded 2 times (x 80B)
Class com.google.common.base.CharMatcher$And                                          : loaded 2 times (x 110B)
Class org.gradle.internal.classloader.ClasspathUtil$1                                 : loaded 2 times (x 74B)
Class org.objectweb.asm.FieldVisitor                                                  : loaded 2 times (x 75B)
Class com.google.common.collect.IndexedImmutableSet                                   : loaded 2 times (x 150B)
Class com.google.common.collect.ImmutableMap$1                                        : loaded 2 times (x 79B)
Class com.google.common.collect.BiMap                                                 : loaded 2 times (x 68B)
Class org.gradle.api.internal.classpath.DefaultModuleRegistry$DefaultModule           : loaded 2 times (x 84B)
Class com.google.common.primitives.Ints                                               : loaded 2 times (x 69B)
Class com.google.common.collect.AbstractIterator                                      : loaded 2 times (x 80B)
Class com.google.common.collect.ObjectArrays                                          : loaded 2 times (x 69B)
Class com.google.common.collect.RegularImmutableMap$KeySet                            : loaded 2 times (x 150B)
Class com.google.common.collect.ArrayListMultimapGwtSerializationDependencies         : loaded 2 times (x 170B)
Class com.google.common.collect.AbstractIndexedListIterator                           : loaded 2 times (x 94B)
Class com.google.common.math.MathPreconditions                                        : loaded 2 times (x 69B)
Class ijJvmDebugger1_dt0ktiiu4wnov4qpyr44ni1hv$_run_closure1                          : loaded 2 times (x 137B)
Class org.apache.commons.io.output.NullOutputStream                                   : loaded 2 times (x 83B)
Class com.google.common.collect.ImmutableMapEntrySet                                  : loaded 2 times (x 150B)
Class org.gradle.api.internal.classpath.Module                                        : loaded 2 times (x 68B)
Class com.google.common.cache.Weigher                                                 : loaded 2 times (x 68B)
Class org.gradle.api.internal.classpath.UnknownModuleException                        : loaded 2 times (x 80B)
Class com.google.common.base.Stopwatch                                                : loaded 2 times (x 70B)
Class com.google.common.cache.LocalCache$Strength                                     : loaded 2 times (x 79B)
Class com.google.common.cache.Cache                                                   : loaded 2 times (x 68B)
Class org.apache.commons.io.filefilter.IOFileFilter                                   : loaded 2 times (x 68B)
Class com.google.common.base.NullnessCasts                                            : loaded 2 times (x 69B)
Class com.google.common.util.concurrent.AbstractFuture$Cancellation                   : loaded 2 times (x 70B)
Class com.google.common.collect.ImmutableMap$Builder                                  : loaded 2 times (x 80B)
Class com.google.common.cache.RemovalListener                                         : loaded 2 times (x 68B)
Class org.gradle.api.internal.DefaultClassPathRegistry                                : loaded 2 times (x 74B)
Class com.google.common.primitives.IntsMethodsForWeb                                  : loaded 2 times (x 69B)
Class com.google.common.collect.Multimap                                              : loaded 2 times (x 68B)
Class org.gradle.api.internal.ClassPathRegistry                                       : loaded 2 times (x 68B)
Class org.gradle.internal.classpath.DefaultClassPath$ImmutableUniqueList              : loaded 2 times (x 197B)
Class org.apache.commons.io.IOUtils                                                   : loaded 2 times (x 69B)
Class com.google.common.base.PairwiseEquivalence                                      : loaded 2 times (x 81B)
Class com.google.common.cache.CacheBuilder                                            : loaded 2 times (x 70B)
Class com.google.common.collect.SingletonImmutableList                                : loaded 2 times (x 205B)
Class Settings_gradle$1                                                               : loaded 2 times (x 72B)
Class org.gradle.internal.classpath.ClassPath                                         : loaded 2 times (x 68B)
Class org.gradle.api.UncheckedIOException                                             : loaded 2 times (x 80B)
Class com.google.common.base.JdkPattern                                               : loaded 2 times (x 73B)
Class com.google.common.collect.ImmutableList$ReverseImmutableList                    : loaded 2 times (x 207B)
Class org.objectweb.asm.SymbolTable$Entry                                             : loaded 2 times (x 72B)
Class com.google.common.util.concurrent.AbstractFuture$AtomicHelper                   : loaded 2 times (x 76B)
Class org.objectweb.asm.Edge                                                          : loaded 2 times (x 70B)
Class com.google.common.base.Suppliers$SupplierOfInstance                             : loaded 2 times (x 77B)
Class com.google.common.collect.Iterators$1                                           : loaded 2 times (x 79B)
Class com.google.common.cache.LocalCache$ComputingValueReference                      : loaded 2 times (x 94B)
Class com.google.common.collect.SingletonImmutableSet                                 : loaded 2 times (x 144B)
Class com.google.common.collect.ImmutableMap$IteratorBasedImmutableMap                : loaded 2 times (x 124B)
Class com.google.common.cache.LocalCache$Segment                                      : loaded 2 times (x 152B)
Class com.google.common.collect.SortedIterable                                        : loaded 2 times (x 68B)
Class com.google.common.collect.AbstractListMultimap                                  : loaded 2 times (x 170B)
Class [Lorg.objectweb.asm.SymbolTable$Entry;                                          : loaded 2 times (x 67B)
Class com.google.common.cache.CacheLoader                                             : loaded 2 times (x 72B)
Class com.google.common.collect.Iterators$4                                           : loaded 2 times (x 80B)
Class com.google.common.collect.ImmutableBiMap                                        : loaded 2 times (x 141B)
Class org.gradle.internal.installation.GradleInstallation$1                           : loaded 2 times (x 73B)
Class org.gradle.api.internal.classpath.ModuleRegistry                                : loaded 2 times (x 68B)
Class com.google.common.base.Splitter$SplittingIterator                               : loaded 2 times (x 82B)
Class org.apache.commons.io.output.NullWriter                                         : loaded 2 times (x 97B)
Class com.google.common.util.concurrent.internal.InternalFutureFailureAccess          : loaded 2 times (x 70B)
Class com.google.common.collect.Iterators$5                                           : loaded 2 times (x 80B)
Class com.google.common.collect.ImmutableSet$JdkBackedSetBuilderImpl                  : loaded 2 times (x 74B)
Class com.google.common.util.concurrent.AbstractFuture$UnsafeAtomicHelper             : loaded 2 times (x 76B)
Class com.google.common.cache.LocalCache$LocalManualCache$1                           : loaded 2 times (x 73B)
Class com.google.common.base.CharMatcher$ForPredicate                                 : loaded 2 times (x 110B)
Class ijKotlinCoroutineJvmDebugInit1_3f7a8dewxse4evn7zfsqb49a1                        : loaded 2 times (x 177B)
Class com.google.common.base.CharMatcher$AnyOf                                        : loaded 2 times (x 110B)
Class com.google.common.collect.ImmutableCollection                                   : loaded 2 times (x 123B)
Class org.gradle.api.internal.classpath.DefaultModuleRegistry                         : loaded 2 times (x 84B)
Class com.google.common.collect.Lists                                                 : loaded 2 times (x 69B)
Class com.google.common.util.concurrent.ListenableFuture                              : loaded 2 times (x 68B)
Class com.google.common.cache.ReferenceEntry                                          : loaded 2 times (x 68B)
Class com.google.common.base.Converter                                                : loaded 2 times (x 88B)
Class com.google.common.collect.ImmutableSet$CachingAsList                            : loaded 2 times (x 146B)
Class com.google.common.collect.AbstractMapBasedMultimap                              : loaded 2 times (x 137B)
Class com.google.common.util.concurrent.AbstractFuture                                : loaded 2 times (x 104B)
Class com.google.common.base.FunctionalEquivalence                                    : loaded 2 times (x 81B)
Class com.google.common.collect.Iterators$9                                           : loaded 2 times (x 79B)
Class com.google.common.collect.ImmutableAsList                                       : loaded 2 times (x 207B)
Class org.objectweb.asm.RecordComponentVisitor                                        : loaded 2 times (x 75B)
Class com.google.common.cache.CacheLoader$SupplierToCacheLoader                       : loaded 2 times (x 73B)
Class com.google.common.collect.Maps$EntryTransformer                                 : loaded 2 times (x 68B)
Class org.gradle.internal.service.ServiceLookupException                              : loaded 2 times (x 80B)
Class com.google.common.base.CharMatcher$JavaLetter                                   : loaded 2 times (x 109B)
Class com.google.common.collect.ImmutableSortedSet                                    : loaded 2 times (x 298B)
Class [Lcom.google.common.cache.LocalCache$EntryFactory;                              : loaded 2 times (x 67B)
Class org.gradle.internal.classloader.ClassLoaderFactory                              : loaded 2 times (x 68B)
Class org.apache.commons.io.CloseableURLConnection                                    : loaded 2 times (x 114B)
Class com.google.common.base.CommonPattern                                            : loaded 2 times (x 72B)
Class com.google.common.cache.LocalCache$LocalManualCache                             : loaded 2 times (x 97B)
Class com.google.common.base.CharMatcher$IsNot                                        : loaded 2 times (x 109B)
Class org.gradle.internal.service.CachingServiceLocator                               : loaded 2 times (x 80B)
Class com.google.common.collect.AbstractMapBasedMultimap$KeySet                       : loaded 2 times (x 135B)
Class com.google.common.collect.RegularImmutableSortedSet                             : loaded 2 times (x 298B)
Class com.google.common.math.IntMath                                                  : loaded 2 times (x 69B)
Class com.google.common.collect.ImmutableMapEntry                                     : loaded 2 times (x 83B)
Class com.google.common.base.Equivalence                                              : loaded 2 times (x 80B)
Class com.google.common.base.Function                                                 : loaded 2 times (x 68B)
Class com.google.common.collect.ImmutableMapEntry$NonTerminalImmutableMapEntry        : loaded 2 times (x 83B)
Class org.apache.commons.io.output.AbstractByteArrayOutputStream                      : loaded 2 times (x 100B)
Class com.google.common.cache.CacheBuilder$OneWeigher                                 : loaded 2 times (x 80B)
Class com.google.common.collect.RegularImmutableList                                  : loaded 2 times (x 211B)
Class org.gradle.internal.classloader.ClasspathUtil                                   : loaded 2 times (x 69B)
Class com.google.common.base.Charsets                                                 : loaded 2 times (x 69B)
Class com.google.common.util.concurrent.Uninterruptibles                              : loaded 2 times (x 69B)
Class com.google.common.collect.Maps                                                  : loaded 2 times (x 69B)
Class org.gradle.api.specs.Spec                                                       : loaded 2 times (x 68B)
Class org.apache.commons.io.file.PathFilter                                           : loaded 2 times (x 68B)
Class [Lcom.google.common.collect.ImmutableEntry;                                     : loaded 2 times (x 67B)
Class com.google.common.cache.LocalCache$LoadingValueReference                        : loaded 2 times (x 94B)
Class com.google.common.collect.Multiset                                              : loaded 2 times (x 68B)
Class com.google.common.base.Platform                                                 : loaded 2 times (x 69B)
Class ijKotlinCoroutineJvmDebugInit1_3f7a8dewxse4evn7zfsqb49a1$_run_closure1          : loaded 2 times (x 137B)
Class com.google.common.collect.AbstractMapBasedMultimap$WrappedList                  : loaded 2 times (x 203B)
Class [Lorg.objectweb.asm.AnnotationWriter;                                           : loaded 2 times (x 67B)
Class com.google.common.collect.Maps$8                                                : loaded 2 times (x 80B)
Class com.google.common.collect.ImmutableRangeSet$Builder                             : loaded 2 times (x 75B)
Class com.google.common.collect.Sets$SetView                                          : loaded 2 times (x 136B)
Class com.google.common.cache.LocalCache$StrongValueReference                         : loaded 2 times (x 88B)
Class com.google.common.util.concurrent.AbstractFuture$SynchronizedHelper             : loaded 2 times (x 76B)
Class org.objectweb.asm.Type                                                          : loaded 2 times (x 70B)
Class org.gradle.internal.classloader.VisitableURLClassLoader$InstrumentingVisitableURLClassLoader: loaded 2 times (x 121B)
Class org.objectweb.asm.ByteVector                                                    : loaded 2 times (x 77B)
Class [Lcom.google.common.cache.CacheBuilder$NullListener;                            : loaded 2 times (x 67B)
Class com.google.common.math.IntMath$1                                                : loaded 2 times (x 69B)
Class org.gradle.internal.classloader.VisitableURLClassLoader$Spec                    : loaded 2 times (x 72B)
Class org.gradle.internal.classpath.DefaultClassPath                                  : loaded 2 times (x 88B)
Class com.google.common.base.AbstractIterator                                         : loaded 2 times (x 78B)
Class org.objectweb.asm.Symbol                                                        : loaded 2 times (x 71B)
Class com.google.common.base.CharMatcher$Ascii                                        : loaded 2 times (x 110B)
Class com.google.common.base.CharMatcher$BitSetMatcher                                : loaded 2 times (x 110B)
Class com.google.common.collect.RegularImmutableMap$Values                            : loaded 2 times (x 205B)
Class com.google.common.collect.ImmutableSet                                          : loaded 2 times (x 143B)
Class org.gradle.internal.classloader.ClassLoaderSpec                                 : loaded 2 times (x 69B)
Class org.objectweb.asm.AnnotationWriter                                              : loaded 2 times (x 77B)
Class com.google.common.cache.CacheStats                                              : loaded 2 times (x 69B)
Class org.objectweb.asm.RecordComponentWriter                                         : loaded 2 times (x 76B)
Class com.google.common.util.concurrent.AbstractFuture$Listener                       : loaded 2 times (x 70B)
Class com.google.common.base.CharMatcher$Or                                           : loaded 2 times (x 110B)
Class Settings_gradle$1$1                                                             : loaded 2 times (x 72B)
Class org.objectweb.asm.Attribute                                                     : loaded 2 times (x 75B)
Class com.google.common.base.Supplier                                                 : loaded 2 times (x 68B)
Class org.gradle.internal.classloader.VisitableURLClassLoader                         : loaded 2 times (x 115B)
Class com.google.common.util.concurrent.AbstractFuture$Waiter                         : loaded 2 times (x 70B)
Class Settings_gradle                                                                 : loaded 2 times (x 126B)
Class org.gradle.internal.Cast                                                        : loaded 2 times (x 69B)
Class org.gradle.api.Action                                                           : loaded 2 times (x 68B)
Class com.google.common.base.Strings                                                  : loaded 2 times (x 69B)
Class com.google.common.collect.Sets                                                  : loaded 2 times (x 69B)
Class org.objectweb.asm.Handler                                                       : loaded 2 times (x 70B)
Class com.google.common.base.Ticker                                                   : loaded 2 times (x 70B)
Class com.google.common.base.CharMatcher$FastMatcher                                  : loaded 2 times (x 109B)
Class [Lcom.google.common.cache.LocalCache$Segment;                                   : loaded 2 times (x 67B)
Class [Lcom.google.common.cache.LocalCache$Strength;                                  : loaded 2 times (x 67B)
Class com.google.common.cache.CacheBuilder$1                                          : loaded 2 times (x 83B)
Class com.google.common.base.Predicate                                                : loaded 2 times (x 68B)
Class com.google.common.collect.ImmutableMap                                          : loaded 2 times (x 118B)
Class org.gradle.internal.classpath.DefaultClassPath$ImmutableUniqueList$Builder      : loaded 2 times (x 73B)
Class com.google.common.collect.AbstractRangeSet                                      : loaded 2 times (x 112B)
Class com.google.common.cache.LocalCache                                              : loaded 2 times (x 185B)
Class com.google.common.cache.CacheBuilder$2                                          : loaded 2 times (x 77B)
Class com.google.common.base.CharMatcher$NegatedFastMatcher                           : loaded 2 times (x 111B)
Class com.google.common.collect.ArrayListMultimap                                     : loaded 2 times (x 170B)
Class com.google.common.cache.CacheBuilder$3                                          : loaded 2 times (x 70B)
Class [Lcom.google.common.collect.AbstractMapEntry;                                   : loaded 2 times (x 67B)
Class com.google.common.collect.ImmutableEntry                                        : loaded 2 times (x 80B)
Class ijJvmDebugger1_dt0ktiiu4wnov4qpyr44ni1hv                                        : loaded 2 times (x 177B)
Class org.gradle.api.GradleException                                                  : loaded 2 times (x 80B)
Class org.apache.commons.io.StandardLineSeparator                                     : loaded 2 times (x 77B)
Class com.google.common.collect.CollectPreconditions                                  : loaded 2 times (x 69B)
Class com.google.common.collect.SortedMapDifference                                   : loaded 2 times (x 68B)
Class com.google.common.cache.LocalCache$EntryFactory                                 : loaded 2 times (x 81B)
Class com.google.common.base.Splitter$1$1                                             : loaded 2 times (x 84B)
Class com.google.common.cache.LocalCache$AbstractReferenceEntry                       : loaded 2 times (x 105B)
Class org.gradle.internal.IoActions                                                   : loaded 2 times (x 69B)
Class com.google.common.collect.ImmutableRangeSet$ComplementRanges                    : loaded 2 times (x 205B)
Class org.objectweb.asm.SymbolTable                                                   : loaded 2 times (x 70B)
Class com.google.common.cache.CacheLoader$InvalidCacheLoadException                   : loaded 2 times (x 80B)
Class com.google.common.collect.ImmutableSet$RegularSetBuilderImpl                    : loaded 2 times (x 75B)
Class org.gradle.internal.classloader.SystemClassLoaderSpec                           : loaded 2 times (x 69B)
Class com.google.common.cache.LocalCache$StrongEntry                                  : loaded 2 times (x 106B)
Class com.google.common.util.concurrent.AbstractFuture$TrustedFuture                  : loaded 2 times (x 112B)
Class com.google.common.cache.LoadingCache                                            : loaded 2 times (x 68B)
Class org.objectweb.asm.MethodWriter                                                  : loaded 2 times (x 104B)
Class [Lcom.google.common.cache.Weigher;                                              : loaded 2 times (x 67B)
Class com.google.common.collect.RegularImmutableMap$BucketOverflowException           : loaded 2 times (x 80B)
Class ijJvmDebugger1_dt0ktiiu4wnov4qpyr44ni1hv$_run_closure1$_closure2                : loaded 2 times (x 138B)
Class com.google.common.collect.AbstractMapBasedMultimap$RandomAccessWrappedList      : loaded 2 times (x 203B)
Class com.google.common.collect.RegularImmutableBiMap                                 : loaded 2 times (x 147B)
Class com.google.common.cache.LocalCache$ValueReference                               : loaded 2 times (x 68B)
Class com.google.common.base.CharMatcher$Negated                                      : loaded 2 times (x 111B)
Class com.google.common.base.CharMatcher$Is                                           : loaded 2 times (x 109B)
Class com.google.common.base.PatternCompiler                                          : loaded 2 times (x 68B)
Class com.google.common.util.concurrent.AbstractFuture$Failure                        : loaded 2 times (x 70B)
Class com.google.common.base.Equivalence$Equals                                       : loaded 2 times (x 80B)
Class com.google.common.collect.Hashing                                               : loaded 2 times (x 69B)
Class com.google.common.base.Preconditions                                            : loaded 2 times (x 69B)
Class com.google.common.base.Joiner$1                                                 : loaded 2 times (x 78B)
Class org.objectweb.asm.Label                                                         : loaded 2 times (x 71B)
Class org.objectweb.asm.CurrentFrame                                                  : loaded 2 times (x 71B)
Class org.objectweb.asm.ClassTooLargeException                                        : loaded 2 times (x 81B)
Class com.google.common.base.CharMatcher                                              : loaded 2 times (x 109B)
Class com.google.common.collect.PeekingIterator                                       : loaded 2 times (x 68B)
Class com.google.common.collect.Table                                                 : loaded 2 times (x 68B)
Class com.google.common.collect.RangeGwtSerializationDependencies                     : loaded 2 times (x 69B)
Class com.google.common.base.Joiner$2                                                 : loaded 2 times (x 77B)
Class org.objectweb.asm.Frame                                                         : loaded 2 times (x 71B)
Class org.objectweb.asm.MethodVisitor                                                 : loaded 2 times (x 103B)
Class com.google.common.cache.LocalCache$EntryFactory$1                               : loaded 2 times (x 81B)
Class [Lcom.google.common.cache.RemovalListener;                                      : loaded 2 times (x 67B)
Class com.google.common.base.CharMatcher$1                                            : loaded 2 times (x 111B)
Class com.google.common.base.CharMatcher$NamedFastMatcher                             : loaded 2 times (x 110B)
Class ijKotlinCoroutineJvmDebugInit1_3f7a8dewxse4evn7zfsqb49a1$_run_closure1$_closure2: loaded 2 times (x 137B)
Class com.google.common.collect.RangeSet                                              : loaded 2 times (x 68B)
Class com.google.common.cache.LocalCache$EntryFactory$2                               : loaded 2 times (x 81B)
Class org.gradle.api.internal.classpath.GlobalCacheRootsProvider                      : loaded 2 times (x 68B)
Class com.google.common.collect.CollectCollectors                                     : loaded 2 times (x 69B)
Class org.objectweb.asm.ModuleWriter                                                  : loaded 2 times (x 80B)
Class com.google.common.cache.LocalCache$EntryFactory$3                               : loaded 2 times (x 81B)
Class com.google.common.base.Ticker$1                                                 : loaded 2 times (x 70B)
Class com.google.common.collect.Maps$BiMapConverter                                   : loaded 2 times (x 88B)
Class com.google.common.collect.ImmutableMapEntrySet$RegularEntrySet                  : loaded 2 times (x 150B)
Class com.google.common.cache.LocalCache$EntryFactory$4                               : loaded 2 times (x 81B)
Class com.google.common.base.CharMatcher$InRange                                      : loaded 2 times (x 109B)
Class com.google.common.collect.ImmutableSet$Builder                                  : loaded 2 times (x 83B)
Class com.google.common.cache.LocalCache$EntryFactory$5                               : loaded 2 times (x 81B)
Class com.google.common.base.Equivalence$Identity                                     : loaded 2 times (x 80B)
Class org.apache.commons.io.output.AppendableWriter                                   : loaded 2 times (x 98B)
Class com.google.common.cache.LocalCache$EntryFactory$6                               : loaded 2 times (x 81B)
Class org.gradle.internal.installation.CurrentGradleInstallationLocator               : loaded 2 times (x 69B)
Class org.apache.commons.io.output.ThresholdingOutputStream                           : loaded 2 times (x 93B)
Class com.google.common.collect.Maps$KeySet                                           : loaded 2 times (x 135B)
Class com.google.common.cache.LocalCache$EntryFactory$7                               : loaded 2 times (x 81B)
Class com.google.common.collect.ImmutableSet$EmptySetBuilderImpl                      : loaded 2 times (x 74B)
Class com.google.common.collect.ImmutableList                                         : loaded 2 times (x 204B)
Class org.gradle.internal.service.DefaultServiceLocator                               : loaded 2 times (x 81B)
Class com.google.common.collect.Maps$EntrySet                                         : loaded 2 times (x 134B)
Class com.google.common.cache.LocalCache$EntryFactory$8                               : loaded 2 times (x 81B)
Class com.google.common.collect.ImmutableSet$SetBuilderImpl                           : loaded 2 times (x 74B)
Class org.gradle.internal.installation.CurrentGradleInstallation                      : loaded 2 times (x 71B)
Class com.google.common.cache.CacheLoader$1                                           : loaded 2 times (x 73B)
Class com.google.common.collect.ForwardingObject                                      : loaded 2 times (x 70B)
Class com.google.common.collect.ImmutableList$SubList                                 : loaded 2 times (x 207B)
Class org.gradle.util.internal.GUtil                                                  : loaded 2 times (x 69B)
Class com.google.common.util.concurrent.AbstractFuture$SetFuture                      : loaded 2 times (x 73B)
Class com.google.common.cache.AbstractCache$StatsCounter                              : loaded 2 times (x 68B)
Class com.google.common.collect.Iterators$MergingIterator                             : loaded 2 times (x 79B)
Class com.google.common.collect.RegularImmutableSet                                   : loaded 2 times (x 147B)
Class org.gradle.internal.installation.GradleInstallation                             : loaded 2 times (x 73B)
Class com.google.common.base.Splitter$Strategy                                        : loaded 2 times (x 68B)
Class com.google.common.collect.Iterables                                             : loaded 2 times (x 69B)

---------------  S Y S T E M  ---------------

OS:
 Windows 11 , 64 bit Build 22621 (10.0.22621.5415)
OS uptime: 0 days 7:15 hours

CPU: total 8 (initial active 8) (8 cores per cpu, 2 threads per core) family 23 model 104 stepping 1 microcode 0x0, cx8, cmov, fxsr, ht, mmx, 3dnowpref, sse, sse2, sse3, ssse3, sse4a, sse4.1, sse4.2, popcnt, lzcnt, tsc, tscinvbit, avx, avx2, aes, clmul, bmi1, bmi2, adx, sha, fma, vzeroupper, clflush, clflushopt, rdtscp, rdpid, f16c
Processor Information for the first 8 processors :
  Max Mhz: 2600, Current Mhz: 2600, Mhz Limit: 2600

Memory: 4k page, system-wide physical 15694M (1378M free)
TotalPageFile size 23886M (AvailPageFile size 25M)
current process WorkingSet (physical memory assigned to process): 548M, peak: 550M
current process commit charge ("private bytes"): 583M, peak: 605M

vm_info: OpenJDK 64-Bit Server VM (21.0.7+-13880790-b1038.58) for windows-amd64 JRE (21.0.7+-13880790-b1038.58), built on 2025-08-04T20:56:21Z by "builder" with MS VC++ 16.10 / 16.11 (VS2019)

END.
